order,grave,add,z,internal_storage,number,warp_size,weft_size,type,item_no,structure,condition,weaving_technique,warp_material,weft_material,warp_dyed,weft_dyed,twist_warp,twist_weft,angle_warp,angle_weft,even (равномерность — фактор),cover factor,selvedge,warp_a,warp_b,warp_thick_mean,weft_a,weft_b,weft_mean,warp_dens,weft_dens
1,80,0,0,2007-0075-002,,100,110,fabric,0,mono,fragment,tabby,linen,linen,no,no,S,S,medium,medium,,,,"0,5",1,"0,75","0,5",1,"0,75",13,8
2,80,0,0,2007-0075-003,,290,40,n_band,0,mono,fragment,tabby,linen,linen,no,no,S,S,medium,medium,,,,"0,3","0,5","0,4","0,6","0,8","0,7",16,10
3,86,0,0,2007-0056-003,,140,90,fabric,0,mono,fragment,tabby,linen,linen,no,no,S,I,loose,-,,,,"0,5","0,5","0,5","0,1","0,2","0,15",18,6
4,86,0,1,2007-0056-004,,300,20,n_band,0,mono,fragment,tabby,linen,linen,no,no,S,S,medium,medium,,,,"0,2","0,5","0,35","0,2","0,6","0,4",30,9
5,87,0,1,2007-0059-001,,420,20,n_band,0,mono,fragment,tabby,linen,linen,no,no,S,S,medium,medium,,,,"0,4","0,6","0,5","0,5","0,6","0,55",24,10
6,87,0,1,2007-0059-003,,50,30,fabric,0,mono,fragment,tabby,linen,linen,no,no,S,S,medium,medium,,,,"0,4","0,6","0,5","0,5","0,5","0,5",24,10
7,87,0,1,2007-0059-004,,60,90,fabric,0,mono,fragment,tabby,linen,linen,no,no,S,S,loose,loose,,,,"0,5","0,6","0,55","0,5","0,6","0,55",11,7
8,88,0,0,2007-0034-001,,90,60,m_band,0,mono,fragment,tabby,linen,linen,no,no,S,S,medium,medium,,,,"0,5","0,8","0,65","0,5","0,8","0,65",22,12
9,88,0,0,2007-0034-002,,120,50,m_band,0,mono,fragment,tabby,linen,linen,no,no,S,S,medium,loose,,,,"0,6","0,8","0,7","0,6",1,"0,8",13,8
10,88,0,0,2007-0034-003,,100,100,m_band,0,mono,fragment,tabby,linen,linen,no,no,S,S,medium,medium,,,,"0,5","0,6","0,55","0,6",1,"0,8",12,8
11,88,0,0,2007-0034-004,,550,40,n_band,0,mono,fragment,tabby,linen,linen,no,no,S,S,medium,loose,,,,"0,8","1,2",1,"0,8",1,"0,9",12,8
12,88,0,0,2007-0034-005,,400,40,m_band,0,mono,fragment,tabby,linen,linen,no,no,S,S,medium,uneven,,,,"0,5",1,"0,75","0,4",1,"0,7",12,9
13,93,0,0,2007-0082-001,,60,300,m_band,1,composite,fragment,tabby,linen,linen,no,no,S,S,medium,uneven,,,,"0,5",1,"0,75","0,4",1,"0,7",14,10
13,93,0,0,2007-0082-001,,60,800,m_band,2,composite,fragment,tabby,linen,linen,no,no,S,S,medium,uneven,,,,"0,5",1,"0,75","0,4",1,"0,7",14,10
14,93,0,0,2007-0082-002,,190,60,m_band,0,mono,fragment,tabby,linen,linen,no,no,S,S,uneven,uneven,,,,"0,2","0,4","0,3","0,2","0,5","0,35",22,16
15,93,0,0,2007-0082-003,,550,40,n_band,0,mono,fragment,tabby,linen,linen,no,no,S,S,medium,loose,,,,"0,8","1,2",1,"0,8",1,"0,9",12,8
16,95,0,1,2007-0038-003,,85,44,fabric,0,mono,fragment,tabby,linen,linen,no,no,S,S,medium,medium,,,,"0,3","0,5","0,4","0,4","0,6","0,5",18,14
17,95,0,1,2007-0038-004,,310,90,m_band,0,mono,fragment,tabby,linen,linen,no,no,S,S,medium,loose,,,,"0,5","0,8","0,65","0,5","0,8","0,65",15,8
18,95,0,1,2007-0050-001,,310,90,m_band,0,mono,fragment,tabby,linen,linen,no,no,S,S,medium,loose,,,,"0,6","0,8","0,7","0,5","0,8","0,65",14,7
19,95,0,1,2007-0050-005,,70,80,m_band,0,mono,fragment,tabby,linen,linen,no,no,S,S,medium,medium,,,,"0,4","0,6","0,5","0,4","0,6","0,5",26,10
20,95,0,1,2007-0050-006,,260,30,n_band,0,mono,fragment,tabby,linen,linen,no,no,S,S,loose,uneven,,,,"0,3","0,6","0,45","0,3","0,6","0,45",24,9
21,95,0,1,2007-0050-007,,370,40,n_band,0,mono,fragment,tabby,linen,linen,no,no,S,S,loose,medium,,,,"0,5","0,8","0,65","0,2","0,5","0,35",28,10
22,95,0,1,2007-0050-010,,100,90,fabric,0,mono,fragment,tabby,linen,linen,no,no,S,I,medium,-,,,,"0,5","1,3","0,9",1,2,"1,5",10,5
23,95,0,1,2007-0050-009,,100,50,m_band,0,mono,fragment,tabby,linen,linen,no,no,S,S,medium,medium,,,,"0,2","0,3","0,25","0,3","0,5","0,4",52,17
24,95,0,1,2007-0050-012,,200,130,w_band,0,mono,fragment,tabby,linen,linen,no,no,S,S,medium,medium,,,,"0,45","0,5","0,48","0,4","0,5","0,45",34,12
25,97,0,0,2007-0084-001,,70,80,fabric,0,mono,fragment,tabby,linen,linen,no,no,S,S,loose,loose,,,,"0,5","0,6","0,55","0,5","0,6","0,55",24,12
26,97,0,0,2007-0084-002,,90,80,fabric,0,mono,fragment,tabby,linen,linen,no,no,S,S,loose,loose,,,,"0,5","0,8","0,65","0,5","0,8","0,65",14,10
27,97,0,0,2007-0084-003,,70,12,fabric,0,mono,fragment,tabby,linen,linen,no,no,S,S,uneven,loose,,,,"0,5","0,8","0,65","0,6","1,2","0,9",10,7
28,107,0,0,2007-0040,,110,70,fabric,0,mono,fragment,tabby,linen,linen,no,no,S,S,uneven,loose,,,,"0,5","0,8","0,65","0,6",1,"0,8",12,8
29,108,0,0,2007-0047-001,,120,110,w_band,0,mono,fragment,tabby,linen,linen,no,no,S,S,medium,medium,,,,"0,3","0,6","0,45","0,7","0,8","0,75",16,12
30,108,0,0,2007-0047-002,,50,290,m_band,0,mono,fragment,tabby,linen,linen,no,no,S,S,medium,medium,,,,"0,2","0,5","0,35","0,2","0,5","0,35",16,14
31,126,0,1,2007- 0077-001,,720,20,n_band,0,mono,fragment,tabby,linen,linen,no,no,S,S,loose,loose,,,,"0,5",1,"0,75","0,8",1,"0,9",13,8
32,126,0,1,2007- 0077-004,,120,80,m_band,0,mono,fragment,tabby,linen,linen,no,no,S,S,loose,loose,,,,"0,2","0,5","0,35","0,4","0,6","0,5",24,10
33,126,0,1,2007- 0077-005,,130,60,fabric,0,mono,fragment,tabby,linen,linen,light,light,S,S,uneven,loose,,,,"0,2","0,5","0,35","0,4","0,5","0,45",23,12
34,133,0,0,2010- 0001-001,,200,260,sewn_ item,1,composite,fragment,basket,linen,linen,no,no,S,S,medium,medium,,,,"0,5","0,6","0,55","0,5","0,6","0,55",12,8
34,133,0,0,2010- 0001-001,,100,70,sewn_item,2,composite,fragment,tabby,linen,linen,no,no,S,S,medium,medium,,,,"0,2","0,2","0,25","0,3","0,4","0,35",36,13
35,133,0,0,2010- 0001-002,,140,45,band,1,composite,fragment,tabby,linen,linen,no,no,S,S,medium,medium,,,,"0,6","0,8","0,7","0,6",1,"0,8",12,10
36,133,0,0,2010- 0001-002,,8,18,band,2,composite,fragment,tabby,linen,linen,no,no,S,S,medium,medium,,,,"0,2","0,4","0,3","0,4","0,6","0,5",32,14
37,133,0,0,2008-0036-001-01,,6,14,fabric,0,mono,fragment,tabby,linen,linen,no,no,S,S,loose,medium,,,,"0,4","0,6","0,5","0,4","0,5","0,45",14,16
38,133,0,0,2008-0036-001-02,,60,30,n_band,0,mono,fragment,tabby,linen,linen,no,no,S,S,medium,medium,,,,"0,4","0,5","0,45","0,4","0,5","0,45",24,10
39,133,0,0,2008-0036-001-03,,12,120,fabric,0,mono,fragment,tabby,linen,linen,no,no,S,S,medium,medium,,,,"0,3","0,5","0,4","0,3","0,6","0,45",36,14
40,133,0,0,2008-0036-001-04,,20,20,fabric,0,mono,fragment,tabby,linen,linen,no,no,S,S,medium,medium,,,,"0,3","0,5","0,4","0,3","0,5","0,4",24,10
41,133,0,0,2008-0036-001-05,,15,20,fabric,0,mono,fragment,tabby,linen,linen,no,no,S,S,medium,medium,,,,"0,3","0,5","0,4","0,3","0,5","0,4",22,12
42,133,0,0,2008-0036-001-06,,10,40,fabric,1,composite,fragment,tabby,linen,linen,no,no,S,S,medium,medium,,,,"0,2","0,4","0,3","0,2","0,4","0,3",36,14
42,133,0,0,2008-0036-001-06,,20,15,fabric,2,composite,fragment,tabby,linen,linen,no,no,S,S,medium,medium,,,,"0,2","0,4","0,3","0,2","0,4","0,3",36,14
42,133,0,0,2008-0036-001-06,,14,25,fabric,3,composite,fragment,tabby,linen,linen,no,no,S,S,medium,medium,,,,"0,2","0,4","0,3","0,2","0,4","0,3",36,14
43,133,0,0,2008-0036-001-08,,20,40,fabric,0,mono,fragment,tabby,linen,linen,no,no,S,S,medium,medium,,,,"0,3","0,4","0,35","0,3","0,4","0,35",32,12
44,133,0,0,2008-0036-001-09,,10,20,fabric,0,mono,fragment,tabby,linen,linen,no,no,S,S,loose,medium,,,,"0,2","0,4","0,3","0,2","0,3","0,25",40,14
45,133,0,0,2008-0036-002,,убрать эту запись!!!!,0,fabric,1,composite,fragment,tabby,linen,linen,no,no,S,S,loose,loose,,,,"0,3","0,5","0,4","0,3","0,6","0,45",12,8
46,133,0,0,2008-0036-002,,230,130,fabric,2,composite,fragment,tabby,linen,linen,no,no,S,S,medium,medium,,,,"0,2","0,3","0,25","0,3","0,4","0,35",12,10
47,137,0,0,2007-0039-001,,130,130,m_band,0,mono,fragment,tabby,linen,linen,no,no,S,S,medium,medium,,,,"0,5","0,6","0,55","0,5","0,6","0,55",17,10
48,137,0,0,2007-0039-002,,160,130,fabric,0,mono,fragment,tabby,linen,linen,light,light,S,S,uneven,loose,,,,"0,5","0,6","0,55","0,5","0,8","0,65",18,9
49,137,0,0,2007-0039-003,,240,40,n_band,0,mono,fragment,tabby,linen,linen,no,no,S,S,loose,medium,,,,"0,5","0,8","0,65","0,4","0,8","0,6",28,9
50,140,2,0,2007-0041-001,,150,90,m_band,0,mono,fragment,tabby,linen,linen,no,no,S,S,loose,loose,,,,"0,4","0,5","0,45","0,5","0,6","0,55",28,12
51,140,2,0,2007-0041-002,,280,130,w_band,0,mono,fragment,tabby,linen,linen,no,no,S,S,uneven,medium,,,,"0,4","0,6","0,5","0,5","0,8","0,65",18,7
52,140,2,0,2007-0041-003,,240,90,m_band,0,mono,fragment,tabby,linen,linen,no,no,S,S,loose,medium,,,,"0,2","0,6","0,4","0,3","0,5","0,4",24,13
53,140,2,0,2007-0041-004,,170,150,w_band,0,mono,fragment,tabby,linen,linen,no,no,S,S,uneven,medium,,,,"0,3","0,3","0,3","0,3","0,5","0,4",25,10
54,140,2,0,2007-0041-005,,380,130,w_band,0,mono,fragment,tabby,linen,linen,no,no,S,S,medium,medium,,,,"0,4","0,6","0,5","0,4","0,6","0,5",24,8
55,140,2,0,2007-0041-006,,200,60,m_band,1,composite,fragment,tabby,linen,linen,no,no,S,S,uneven,uneven,,,,"0,3","0,6","0,45","0,3","0,6","0,45",26,10
55,140,2,0,2007-0041-006,,200,60,m_band,2,composite,fragment,tabby,linen,linen,no,no,S,S,uneven,uneven,,,,"0,3","0,6","0,45","0,3","0,6","0,45",26,10
56,140,2,0,2007-0041-007,,140,280,w_band,0,mono,fragment,tabby,linen,linen,no,no,S,S,medium,medium,,,,"0,2","0,6","0,4","0,2","0,4","0,3",20,12
57,140-148,0,0,2007-0058-001,,170,60,m_band,0,mono,fragment,tabby,linen,linen,no,no,S,S,medium,medium,,,,"0,2","0,6","0,4","0,4","0,5","0,45",24,9
58,140-148,0,0,2007-0058-002,,200,80,m_band,0,mono,fragment,tabby,linen,linen,no,no,S,S,medium,medium,,,,"0,2","0,5","0,35","0,4","0,5","0,45",26,10
59,144,0,1,2007-0054-003,,180,110,w_band,0,mono,fragment,tabby,linen,linen,no,no,S,S,uneven,loose,,,,"0,2","0,6","0,4","0,2","0,8","0,5",26,12
60,144,0,1,2007-0054-004,,150,30,m_band,1,composite,fragment,tabby,linen,linen,no,no,S,I,medium,-,,,,"0,5","0,6","0,55","0,5","0,7","0,6",16,8
60,144,0,1,2007-0054-004,,100,50,m_band,2,composite,fragment,tabby,linen,linen,no,no,S,I,medium,-,,,,"0,5","0,6","0,55","0,5","0,7","0,6",16,8
61,144,0,1,2007-0054-005,,90,60,m_band,0,mono,fragment,tabby,linen,linen,no,no,S,S,loose,uneven,,,,"0,8","1,5","1,15","0,6","0,8","0,7",18,6
62,144,0,1,2007-0054-006,,440,40,n_band,0,mono,fragment,tabby,linen,linen,no,no,S,S,medium,loose,,,,"0,4","0,6","0,5","0,5","0,6","0,55",34,8
63,144,1,1,2007-0054-007,,150,80,m_band,0,mono,fragment,tabby,linen,linen,no,no,S,S,medium,medium,,,,"0,2","0,5","0,35","0,4","0,8","0,6",20,8
64,159,1,0,2008-0001,,205,235,fabric,0,mono,fragment,tabby,linen,linen,no,no,S,S,uneven,medium,,,,"0,2","0,4","0,3","0,3","0,6","0,45",24,14
65,159,1,0,2008-0001-002-01,,110,200,funeral_shroud,1,composite,fragment,tabby,linen,linen,no,no,S,S,loose,medium,,,,"0,4","0,6","0,5","0,4","0,6","0,5",17,7
66,159,1,0,2008-0001-002-01,,155,230,funeral_shroud,2,composite,fragment,tabby,linen,linen,no,no,S,S,loose,loose,,,,"0,2","0,4","0,3","0,2","0,4","0,3",16,16
67,159,1,0,2008-0001-003-01,,170,60,m_band,0,mono,fragment,tabby,linen,linen,no,no,S,S,medium,medium,,,,"0,2","0,4","0,3","0,4","0,6","0,5",32,10
68,159,0,1,2008-001-003-04,,400,180,fabric,1,composite,fragment,tabby,linen,linen,no,no,S,S,loose,loose,,,,"0,5","0,6","0,55","0,6","0,8","0,7",18,9
69,159,0,1,2008-001-003-04,,480,320,fabric,2,composite,fragment,tabby,linen,linen,no,no,S,S,medium,medium,,,,"0,2","0,4","0,3","0,3","0,5","0,4",24,15
70,159,0,1,2008-001-003-04,,220,360,fabric,3,composite,fragment,tabby,linen,linen,no,no,S,S,loose,loose,,,,"0,5","0,6","0,55","0,6",8,"4,3",30,8
71,159,0,1,2008-001-003-05,,160,65,fabric,1,composite,fragment,tabby,linen,linen,no,no,S,S,loose,medium,,,,"0,4","0,5","0,45","0,2","0,4","0,3",36,16
72,159,0,1,2008-001-003-05,,130,50,fabric,2,composite,fragment,tabby,linen,linen,no,no,S,S,uneven,uneven,,,,"0,4","0,6","0,5","0,4","0,6","0,5",16,12
73,159,0,1,2008-001-003-05,,160,65,fabric,3,composite,fragment,tabby,linen,linen,no,no,S,S,medium,medium,,,,"0,3","0,5","0,4","0,3","0,5","0,4",22,16
74,159,0,1,2008-0001-004-05,,30,85,fabric,1,composite,fragment,tabby,linen,linen,no,no,S,S,medium,medium,,,,"0,2","0,3","0,25","0,2","0,3","0,25",18,13
75,159,0,1,2008-0001-004-05,,25,85,fabric,2,composite,fragment,tabby,linen,linen,no,no,S,S,uneven,uneven,,,,"0,2","0,6","0,4","0,2","0,6","0,4",16,12
76,159,1,0,2008-004-01,,110,85,fabric,0,mono,fragment,tabby,linen,linen,no,no,S,S,loose,loose,,,,"0,4","0,6","0,5","0,3","0,5","0,4",16,11
77,160,1,0,2008-002-02,,300,1220,fabric,0,mono,fragment,tabby,linen,linen,no,no,S,S,uneven,loose,,,,"0,2","0,7","0,45","0,4","0,5","0,45",10,8
78,"160, 165-167",0,0,2008-002-010-01,,500,25,n_band,0,mono,fragment,tabby,linen,linen,no,no,S,S,loose,loose,,,,"0,2","0,3","0,25","0,1","0,2","0,15",42,16
79,"160, 165-167",0,0,2008-002-010-02,,130,35,n_band,0,mono,fragment,tabby,linen,linen,no,no,S,S,loose,loose,,,,"0,2","0,6","0,4","0,3","0,5","0,4",15,12
80,"160, 165-167",0,0,2008-002-010-05,,1250,25,n_band,0,mono,fragment,tabby,linen,linen,no,no,S,S,loose,loose,,,,"0,4","0,5","0,45","0,3","0,4","0,35",32,11
81,"160, 165-167",0,0,2008-002-010-08,,240,150,fabric,0,mono,fragment,tabby,linen,linen,no,no,S,S,loose,loose,,,,"0,4","0,6","0,5","0,3","0,5","0,4",32,12
82,161,1,0,2008-005-001-01,,630,30,n_band,1,composite,fragment,tabby,linen,linen,no,no,S,S,medium,medium,,,,"0,3","0,5","0,4","0,5","0,6","0,55",13,9
82,161,1,0,2008-005-001-01,,420,30,n_band,2,composite,fragment,tabby,linen,linen,no,no,S,S,medium,medium,,,,"0,3","0,5","0,4","0,5","0,6","0,55",13,9
82,161,1,0,2008-005-001-01,,380,25,n_band,3,composite,fragment,tabby,linen,linen,no,no,S,S,medium,medium,,,,"0,3","0,5","0,4","0,5","0,6","0,55",13,9
83,161,1,0,2008-005-001-02,,130,30,textile,0,mono,fragment,tabby,linen,linen,no,no,S,S,medium,medium,,,,"0,2","0,6","0,4","0,5","0,7","0,6",12,8
84,162,0,1,2008-006-007-01,,150,75,m_band,0,mono,fragment,tabby,linen,linen,no,no,S,S,medium,medium,,,,"0,2","0,3","0,25","0,2","0,3","0,25",30,10
85,162,0,1,2008-006-007-02,,80,85,nakladka,0,mono,intact,tabby,linen,linen,no,no,S,S,medium,medium,,,,"0,2","0,3","0,25","0,3","0,4","0,35",26,13
86,162,0,1,2008-006-007-03,,70,130,textile,0,mono,fragment,tabby,linen,linen,no,no,S,S,medium,medium,,,,"0,2","0,3","0,25","0,3","0,4","0,35",26,13
87,162,0,1,2008-006-007-04,,110,30,n_band,0,mono,fragment,tabby,linen,linen,no,no,S,S,medium,medium,,,,"0,2","0,3","0,25","0,2","0,3","0,25",30,10
88,162,0,1,2008-006-007-06,,30,180,n_band,0,mono,fragment,tabby,linen,linen,no,no,S,S,medium,medium,,,,"0,2","0,3","0,25","0,2","0,3","0,25",28,10
89,163,0,1,2008-008-001-01-5,,45,230,m_band,0,mono,fragment,tabby,linen,linen,no,no,S,S,medium,medium,,,,"0,3","0,4","0,35","0,3","0,4","0,35",24,10
90,163,0,1,2008-008-001-03-2,,310,920,funeral_shroud,1,composite,fragment,tabby,linen,linen,no,no,S,S,medium,medium,,,,"0,5","0,6","0,55","0,5","0,6","0,55",10,7
90,163,0,1,2008-008-001-03-2,,80,50,funeral_shroud,2,composite,fragment,tabby,linen,linen,no,no,S,S,medium,medium,,,,"0,2","0,3","0,25","0,2","0,3","0,25",20,10
91,163,0,1,2008-008-03,,100,25,n_band,1,composite,fragment,tabby,linen,linen,no,no,S,S,medium,medium,,,,"0,2","0,3","0,25","0,2","0,2","0,2",44,13
91,163,0,1,2008-008-03,,850,25,n_band,2,composite,fragment,tabby,linen,linen,no,no,S,S,medium,medium,,,,"0,2","0,3","0,25","0,2","0,2","0,2",44,13
91,163,0,1,2008-008-03,,380,25,n_band,3,composite,fragment,tabby,linen,linen,no,no,S,S,medium,medium,,,,"0,2","0,3","0,25","0,2","0,2","0,2",44,13
91,163,0,1,2008-008-03,,210,25,n_band,4,composite,fragment,tabby,linen,linen,no,no,S,S,medium,medium,,,,"0,2","0,3","0,25","0,2","0,2","0,2",44,13
91,163,0,1,2008-008-03,,180,25,n_band,5,composite,fragment,tabby,linen,linen,no,no,S,S,medium,medium,,,,"0,2","0,3","0,25","0,2","0,2","0,2",44,13
92,163,0,1,2008-008-04,,300,820,funeral_shroud,0,mono,fragment,tabby,linen,linen,no,no,S,S,medium,medium,,,,"0,4","0,6","0,5","0,4","0,6","0,5",16,10
93,163,0,1,2008-008-06,,2100,26,n_band,0,mono,fragment,tabby,linen,linen,no,no,S,S,medium,medium,,,,"0,4","0,5","0,45","0,3","0,4","0,35",28,10
94,163,0,1,2008-008-07,,100,100,m_band,0,mono,fragment,tabby,linen,linen,no,no,S,S,medium,medium,,,,"0,2","0,3","0,25","0,3","0,4","0,35",20,10
95,163,0,1,2008-008-08,,170,90,m_band,0,mono,fragment,tabby,linen,linen,no,no,S,S,medium,medium,,,,"0,3","0,4","0,35","0,3","0,3","0,3",34,14
96,169,0,1,2008-0011-001-01,,50,10,n_band,0,mono,fragment,tabby,linen,linen,no,no,S,S,medium,medium,,,,"0,3","0,5","0,4","0,2","0,3","0,25",28,5
97,172,0,1,2008-0013-002-04,,230,120,fabric,0,mono,fragment,tabby,linen,linen,no,no,S,S,medium,medium,,,,"0,3","0,6","0,45","0,3","0,6","0,45",19,12
98,173,0,1,2008-0031-003-01,,270,25,n_band,0,mono,fragment,tabby,linen,linen,no,no,S,S,medium,medium,,,,"0,6","0,8","0,7","0,6","0,8","0,7",12,10
99,173,0,1,2008-0031-003-02,,420,20,n_band,0,mono,fragment,tabby,linen,linen,no,no,S,S,medium,medium,,,,"0,3","0,6","0,45","0,3","0,5","0,4",28,14
100,173,0,1,2008-0031-003-03,,360,45,m_band,0,mono,fragment,tabby,linen,linen,no,no,S,S,medium,medium,,,,"0,6","0,8","0,7","0,6","0,8","0,7",12,10
101,173,0,1,2008-0031-003-04,,260,160,w_band,0,mono,fragment,tabby,linen,linen,no,no,S,S,medium,medium,,,,"0,4","0,6","0,5","0,3","0,5","0,4",26,15
102,173,0,1,2008-0031-003-05,,110,30,n_band,0,mono,fragment,tabby,linen,linen,no,no,S,S,medium,medium,,,,"0,4","0,6","0,5","0,3","0,5","0,4",26,15
103,173,0,1,2008-0031-003-06,,100,15,n_band,0,mono,fragment,tabby,linen,linen,no,no,S,S,medium,medium,,,,"0,4","0,6","0,5","0,3","0,5","0,4",26,18
104,173,0,1,2008-0031-003-07,,360,45,m_band,0,mono,fragment,tabby,linen,linen,no,no,S,S,medium,medium,,,,"0,3","0,7","0,5","0,4","0,5","0,45",36,10
105,173,0,1,2008-0031-003-08,,190,45,m_band,0,mono,fragment,tabby,linen,linen,no,no,S,S,medium,medium,,,,"0,3","0,7","0,5","0,4","0,5","0,45",36,10
106,173,0,1,2008-0031-003-09,,80,50,m_band,0,mono,fragment,tabby,linen,linen,no,no,S,S,medium,medium,,,,"0,6","1,2","0,9",1,"1,4","1,2",20,8
107,173,0,1,2008-0031-003-10,,70,55,textile,0,mono,fragment,tabby,linen,linen,no,no,S,S,medium,loose,,,,"0,5","0,8","0,65","1,5","2,5",2,12,5
108,173,0,1,2008-0031-003-11,,50,50,m_band,0,mono,fragment,tabby,linen,linen,no,no,S,S,medium,medium,,,,"0,4","0,6","0,5","0,4","0,6","0,5",27,16
109,173,0,1,2008-0031-003-12,,160,20,n_band,0,mono,fragment,tabby,linen,linen,no,no,S,S,medium,medium,,,,"0,3","0,8","0,55","0,3","0,6","0,45",30,12
110,173,0,1,2008-0031-003-13,,100,20,n_band,2,composite,fragment,tabby,linen,linen,no,no,S,S,medium,medium,,,,"0,3","0,5","0,4","0,5","0,6","0,55",20,5
111,173,0,1,2008-0031-003-14,,100,60,textile,0,mono,fragment,tabby,linen,linen,no,no,S,S,medium,medium,,,,"0,6","0,8","0,7","0,4","0,6","0,5",14,4
112,173,0,1,2008-0031-003-15,,150,110,textile,0,mono,fragment,tabby,linen,linen,no,no,S,S,medium,medium,,,,"0,6","0,8","0,7","0,4","0,6","0,5",14,4
113,173,0,1,2008-0031-003-16,,40,15,n_band,0,mono,fragment,tabby,linen,linen,no,no,S,S,medium,medium,,,,"0,4","0,6","0,5","0,3","0,5","0,4",26,18
114,175,0,1,2008-0024-003-01,,200,210,funeral_shroud,0,mono,fragment,tabby,linen,linen,no,no,S,S,medium,medium,,,,"0,4","0,6","0,5","0,4","0,6","0,5",34,12
115,175,0,1,2008-0024-003-02,,75,75,textile,1,composite,fragment,tabby,linen,linen,no,no,S,S,medium,medium,,,,"0,5","0,8","0,65","0,5","0,8","0,65",16,10
115,175,0,1,2008-0024-003-02,,90,20,textile,2,composite,fragment,tabby,linen,linen,no,no,S,S,medium,medium,,,,"0,5","0,8","0,65","0,5","0,8","0,65",16,10
116,175,0,1,2008-0024-003-03,,70,230,pelena,1,composite,fragment,tabby,linen,linen,no,no,S,S,medium,medium,,,,"0,4","0,6","0,5","0,4","0,6","0,5",16,7
116,175,0,1,2008-0024-003-03,,350,200,pelena,2,composite,fragment,tabby,linen,linen,no,no,S,S,medium,medium,,,,"0,4","0,6","0,5","0,4","0,6","0,5",16,7
117,175,0,1,2008-0024-003-04,,100,140,nakladka,1,composite,fragment,tabby,linen,linen,no,no,S,S,medium,medium,,,,"0,4","0,6","0,5","0,4","0,7","0,55",16,7
117,175,0,1,2008-0024-003-04,,350,55,m_band,2,composite,fragment,tabby,linen,linen,no,no,S,S,medium,medium,,,,"0,4","0,6","0,5","0,4","0,7","0,55",16,7
118,176,0,0,2008-0032-005,,1230,60,funeral_shroud,0,mono,fragment,tabby,linen,linen,no,no,S,S,uneven,medium,,,,"0,2","0,5","0,35","0,2","0,3","0,25",32,12
119,179,0,0,2008-0042-001-01,,20,450,n_band,0,mono,fragment,tabby,linen,linen,no,no,S,S,loose,loose,,,,"0,3","0,6","0,45","0,5","0,7","0,6",16,8
120,179,0,0,2008-0042-001-05,,180,250,textile,0,mono,fragment,tabby,linen,linen,no,no,S,S,medium,loose,,,,"0,3","0,4","0,35","0,5","0,6","0,55",22,13
121,179,0,0,2008-0042-001-06,,200,300,funeral_shroud,0,mono,fragment,tabby,linen,linen,no,no,S,S,loose,loose,,,,"0,5","0,8","0,65","0,4","0,6","0,5",13,8
,181-183,,,2008-0028-010-02,,200,30,n_band,0,mono,fragment,basket,linen,linen,,,S,S,uneven,uneven,,,,"0,2","0,3",,"0,2","0,3",,10,8
,181-183,,,2008-0028-010-03,,120,38,textile,0,mono,fragment,basket,linen,linen,,,S,S,uneven,uneven,,,,"0,3","0,4",,"0,3","0,4",,14,9
122,181-183,0,1,2008-0028-010-01,,250,35,n_band,0,mono,fragment,,linen,linen,no,no,S,S,loose,uneven,,,,"0,3","0,4","0,35","0,2","0,6","0,4",22,9
123,181-183,0,1,2008-0028-010-04,,110,65,m_band,0,mono,fragment,,linen,linen,no,no,S,S,loose,loose,,,,"0,4","0,6","0,5","0,3","0,5","0,4",20,12
124,182,0,1,2008-0028-005-01,,860,30,n_band,0,mono,fragment,,linen,linen,no,no,S,S,medium,medium,,,,"0,2","0,4","0,3","0,4","0,6","0,5",30,10
125,182,0,1,2008-0028-005-02,,1100,25,n_band,0,mono,fragment,,linen,linen,no,no,S,S,medium,medium,,,,"0,2","0,4","0,3","0,4","0,6","0,5",32,10
126,182,0,1,2008-0028-005-03,,100,100,f_overlay,0,mono,fragment,,linen,linen,no,no,S,S,loose,loose,,,,"0,2","0,5","0,35","0,2","0,5",,26,9
127,182,0,1,2008-0028-005-04,,20,200,m_band,1,composite,fragment,tabby,linen,linen,no,no,S,S,medium,medium,,,,"0,2","0,4","0,3","0,4","0,6","0,5",30,8
127,182,0,,2008-0028-005-04,,200,80,m_band,2,composite,fragment,tabby,linen,linen,no,no,S,S,medium,medium,,,,"0,2","0,4","0,3","0,4","0,6","0,5",30,8
128,182,0,1,2008-0028-005-05,,50,20,n_band,1,composite,fragment,tabby,linen,linen,no,no,S,S,loose,medium,,,,"0,3","0,6","0,45","0,5","0,8","0,65",28,8
128,182,0,,2008-0028-005-05,,80,20,n_band,2,composite,fragment,tabby,linen,linen,no,no,S,S,loose,medium,,,,"0,3","0,6","0,45","0,5","0,8","0,65",28,8
128,182,0,,2008-0028-005-05,,40,20,n_band,3,composite,fragment,tabby,linen,linen,no,no,S,S,loose,medium,,,,"0,3","0,6","0,45","0,5","0,8","0,65",28,8
128,182,0,,2008-0028-005-05,,20,20,n_band,4,composite,fragment,tabby,linen,linen,no,no,S,S,loose,medium,,,,"0,3","0,6","0,45","0,5","0,8","0,65",28,8
129,182,0,1,2008-0028-005-06,,100,20,n_band,0,mono,fragment,tabby,linen,linen,no,no,S,S,loose,medium,,,,"0,3","0,6","0,45","0,5","0,6","0,55",22,9
130,182,0,1,2008-0028-005-07,,60,20,n_band,0,mono,fragment,basket,linen,linen,no,no,S,S,medium,medium,,,,"0,4","0,6","0,5","0,4","0,6","0,5",12,6
131,182,0,1,2008-0028-005-08,,220,120,w_band,1,composite,fragment,tabby,linen,linen,no,no,S,S,medium,medium,,,,"0,3","0,5","0,4","0,3","0,4","0,35",24,10
131,182,0,,2008-0028-005-08,,130,100,w_band,2,composite,fragment,tabby,linen,linen,no,no,S,S,medium,medium,,,,"0,3","0,5","0,4","0,3","0,4","0,35",24,10
132,182,0,1,2008-0028-005-09,,150,50,m_band,1,composite,fragment,tabby,linen,linen,no,no,S,S,uneven,medium,,,,"0,4","0,6","0,5","0,3","0,6","0,45",28,9
132,182,0,,2008-0028-005-09,,150,80,m_band,2,composite,fragment,tabby,linen,linen,no,no,S,S,uneven,medium,,,,"0,4","0,6","0,5","0,3","0,6","0,45",28,9
132,182,0,,2008-0028-005-09,,60,55,m_band,3,composite,fragment,tabby,linen,linen,no,no,S,S,uneven,medium,,,,"0,4","0,6","0,5","0,3","0,6","0,45",28,9
132,182,0,,2008-0028-005-09,,70,60,m_band,4,composite,fragment,tabby,linen,linen,no,no,S,S,uneven,medium,,,,"0,4","0,6","0,5","0,3","0,6","0,45",28,9
132,182,0,,2008-0028-005-09,,50,50,m_band,5,composite,fragment,tabby,linen,linen,no,no,S,S,uneven,medium,,,,"0,4","0,6","0,5","0,3","0,6","0,45",28,9
133,182,0,1,2008-0028-005-10,,140,20,n_band,1,composite,fragment,tabby,linen,linen,no,no,S,S,loose,medium,,,,"0,3","0,6","0,45","0,5","0,8","0,65",28,8
133,182,0,,2008-0028-005-10,,160,20,n_band,2,composite,fragment,tabby,linen,linen,no,no,S,S,loose,medium,,,,"0,3","0,6","0,45","0,5","0,8","0,65",28,8
133,182,0,,2008-0028-005-10,,70,20,n_band,3,composite,fragment,tabby,linen,linen,no,no,S,S,loose,medium,,,,"0,3","0,6","0,45","0,5","0,8","0,65",28,8
134,182,0,1,2008-0028-005-11,,940,20,n_band,0,mono,fragment,,linen,linen,no,no,S,S,loose,medium,,,,"0,2","0,4","0,3","0,4","0,6","0,5",30,12
135,182,0,1,2008-0028-005-12,,250,130,f_strip,0,mono,fragment,,linen,linen,no,no,S,S,medium,loose,,,,"0,4","0,5","0,45","0,3","0,6","0,45",20,8
136,182,0,1,2008-0028-005-13,,300,100,w_band,1,composite,fragment,,linen,linen,no,no,S,S,loose,medium,,,,"0,2","0,4","0,3","0,4","0,6","0,5",30,10
136,182,0,,2008-0028-005-13,,400,20,n_band,2,composite,fragment,,linen,linen,no,no,S,S,loose,medium,,,,"0,2","0,4",,"0,4","0,6",,30,10
137,182,0,1,2008-0028-005-14,,100,60,m_band,0,mono,fragment,tabby,linen,linen,no,no,S,S,medium,medium,,,,"0,2","0,3","0,25","0,3","0,4","0,35",42,15
138,182,0,1,2008-0028-005-15,,150,50,textile,0,mono,fragment,tabby,linen,linen,no,no,S,S,medium,medium,,,,"0,3","0,5","0,4","0,4","0,6","0,5",20,8
,185,0,1,2008-0037-009-01,,180,300,funeral_shroud,0,mono,fragment,basket,linen,linen,no,no,,,medium,medium,,,,"0,2","0,5",,"0,2","0,5",,9,7
,185,0,1,2008-0037-009-02,,640,38,n_band,0,mono,fragment,basket,linen,linen,no,no,,,medium,medium,,,,"0,4","0,5",,"0,4","0,5",,10,8
139,185,0,1,2008-0037-009-03,,100,50,m_band,0,mono,fragment,,linen,linen,no,no,S,S,medium,uneven,,,,"0,3","0,5",,"0,5","0,6","0,55",28,14
140,185,0,1,2008-0037-009-04,,120,25,n_band,0,mono,fragment,,linen,linen,no,no,S,S,loose,medium,,,,"0,2","0,5",,"0,5","0,8",,42,7
141,185,0,1,2008-0037-009-05,,200,20,n_band,0,mono,fragment,,linen,linen,no,no,S,S,medium,medium,,,,"0,3","0,6","0,45","0,3","0,5","0,4",32,10
142,189,0,0,2008-0060-001-01,,160,90,funeral_shroud,1,composite,fragment,,linen,linen,no,no,S,S,uneven,medium,,,,"0,3","0,4","0,35","0,4","0,5","0,45",18,10
142,189,0,,2008-0060-001-01,,120,80,funeral_shroud,2,composite,fragment,,linen,linen,no,no,S,S,uneven,medium,,,,"0,3","0,4","0,35","0,4","0,5","0,45",18,10
142,189,0,,2008-0060-001-01,,110,100,funeral_shroud,3,composite,fragment,,linen,linen,no,no,S,S,uneven,medium,,,,"0,3","0,4","0,35","0,4","0,5","0,45",18,10
143,189,0,0,2008-0060-001-02,,320,20,n_band,0,mono,fragment,tabby,linen,linen,no,no,S,S,loose,medium,,,,"0,4","0,6","0,5","0,4","0,8","0,6",14,10
144,189,0,0,2008-0060-001-03,,75,35,n_band,1,composite,fragment,tabby,linen,linen,no,no,S,S,medium,medium,,,,"0,5","0,9","0,7","0,5","0,9","0,7",10,8
144,189,0,,2008-0060-001-03,,120,35,n_band,2,composite,fragment,tabby,linen,linen,no,no,S,S,medium,medium,,,,"0,5","0,9","0,7","0,5","0,9","0,7",10,8
144,189,0,,2008-0060-001-03,,25,35,n_band,3,composite,fragment,tabby,linen,linen,no,no,S,S,medium,medium,,,,"0,5","0,9","0,7","0,5","0,9","0,7",10,8
145,189,0,0,2008-0060-001-04,,100,15,n_band,1,composite,fragment,tabby,linen,linen,no,no,S,S,loose,medium,,,,"0,7",1,"0,85","0,5","0,8","0,65",14,8
145,189,0,,2008-0060-001-04,,100,15,n_band,2,composite,fragment,tabby,linen,linen,no,no,S,S,loose,medium,,,,"0,7",1,"0,85","0,5","0,8","0,65",14,8
,189,0,0,2008-0061-001-02,,320,20,n_band,0,mono,fragment,,linen,linen,no,no,S,S,loose,medium,,,,"0,4","0,6",,"0,4","0,8",,14,10
,189,0,0,2008-0061-001-03,,75,35,n_band,1,composite,fragment,,linen,linen,,,S,S,medium,medium,,,,"0,5","0,9",,"0,5","0,9",,10,8
,189,0,0,2008-0061-001-03,,120,35,n_band,2,composite,fragment,,linen,linen,,,S,S,medium,medium,,,,"0,5","0,9",,"0,5","0,9",,10,8
,189,0,0,2008-0061-001-03,,25,35,n_band,3,composite,fragment,,linen,linen,,,S,S,medium,medium,,,,"0,5","0,9",,"0,5","0,9",,10,8
,189,0,0,2008-0061-001-04,,10,15,n_band,1,composite,fragment,,linen,linen,,,S,S,loose,medium,,,,"0,7",1,,"0,5","0,8",,14,8
,189,0,0,2008-0061-001-04,,10,15,n_band,2,composite,fragment,,linen,linen,,,S,S,loose,medium,,,,"0,7",1,,"0,5","0,8",,14,8
146,191,0,1,2008-0040-004,,220,20,n_band,0,mono,fragment,tabby,linen,linen,no,no,S,S,medium,medium,,,,"0,3","0,5","0,4","0,2","0,4","0,3",32,12
147,191,0,1,2008-0040-005,,150,70,fabric,0,mono,fragment,tabby,linen,linen,no,no,S,S,uneven,uneven,,,,"0,3","0,6","0,45","0,3","0,6","0,45",16,12
148,191,0,1,2008-0040-007,,180,60,m_band,0,mono,fragment,tabby,linen,linen,no,no,S,S,medium,medium,,,,"0,4","0,6","0,5","0,5","0,8","0,65",16,8
,191,0,1,2008-0040-008,,220,200,funeral_shroud,0,mono,fragment,basket,linen,linen,no,no,S,S,medium,medium,,,,"0,4","0,5",,"0,4","0,5",,15,10
149,193,0,0,2008-0058-001-01,,55,15,textile,0,mono,fragment,tabby,linen,linen,no,no,S,S,uneven,uneven,,,,"0,5","0,8","0,65","0,5","0,8","0,65",10,8
150,193,0,0,2008-0058-001-02,,30,40,textile,0,mono,fragment,tabby,linen,linen,no,no,S,S,medium,medium,,,,"0,4","0,6","0,5","0,4","0,6","0,5",14,14
151,196-197,0,1,2008-0049-001-01,,40,190,n_band,0,mono,fragment,tabby,linen,linen,no,no,S,S,medium,medium,,,,"0,3","0,4","0,35","0,4","0,5","0,45",16,9
152,196-197,0,1,2008-0049-001-02,,70,30,n_band,0,mono,fragment,tabby,linen,linen,no,no,S,S,medium,medium,,,,"0,3","0,5","0,4","0,3","0,8","0,55",28,10
153,196-197,0,1,2008-0049-001-03,,50,50,textile,0,mono,fragment,tabby,linen,linen,no,no,S,S,medium,medium,,,,"0,3","0,5","0,4","0,3","0,8","0,55",28,10
154,196,3,0,2008-0070-003-02,,90,90,filling,0,mono,fragment,tabby,linen,linen,no,no,S,S,medium,medium,,,,"0,3","0,4","0,35","0,3","0,4","0,35",30,12
155,196,3,0,2008-0070-003-03,,110,20,w_band,0,mono,fragment,tabby,linen,linen,no,no,S,S,loose,medium,,,,"0,2","0,3","0,25","0,3","0,4","0,35",26,12
156,196,3,0,2008-0070-003-04,,200,100,w_band,0,mono,fragment,tabby,linen,linen,no,no,S,S,loose,medium,,,,"0,2","0,3","0,25","0,3","0,4","0,35",40,20
157,196,3,0,2008-0070-003-05,,150,90,m_band,0,mono,fragment,tabby,linen,linen,no,no,S,S,loose,loose,,,,"0,3","0,5","0,4","0,4","0,5","0,45",32,8
,196,3,0,2008-0070-003-06,,200,70,m_band,0,mono,fragment,basket,linen,linen,no,no,S,S,medium,medium,,,,"0,5","0,6",,"0,5","0,6",,10,10
,196,3,0,2008-0070-003-07,,200,70,m_band,0,mono,fragment,basket,linen,linen,no,no,S,S,medium,medium,,,,"0,2","0,6",,"0,2","0,6",,14,7
158,196,3,0,2008-0070-003-08,,160,60,m_band,0,mono,fragment,tabby,linen,linen,no,no,S,S,medium,loose,,,,"0,3","0,5","0,4","0,4","0,6","0,5",26,9
159,196,3,0,2008-0070-003-09,,240,150,w_band,0,mono,fragment,tabby,linen,linen,no,no,S,S,medium,medium,,,,"0,3","0,5","0,4","0,3","0,5","0,4",22,8
160,196,3,0,2008-0070-003-10,,220,105,w_band,0,mono,fragment,tabby,linen,linen,no,no,S,S,medium,medium,,,,"0,4","0,6","0,5","0,4","0,5","0,45",30,9
161,196,3,0,2008-0070-003-11,,300,130,w_band,0,mono,fragment,tabby,linen,linen,no,no,S,S,medium,medium,,,,"0,3","0,5","0,4","0,3","0,4","0,35",24,12
162,196,3,0,2008-0070-003-12,,220,150,textile,1,composite,fragment,basket_weave,linen,linen,no,no,S,S,medium,medium,,,,"0,2","0,5","0,35","0,2","0,5","0,35",24,10
162,196,3,0,2008-0070-003-12,,10,100,textile,2,composite,fragment,tabby,linen,linen,no,no,S,S,medium,medium,,,,"0,5","0,8",0,"0,5","0,8",0,,
162,196,3,0,2008-0070-003-12,,30,50,patch_fabric,3,composite,fragment,tabby,linen,linen,no,no,S,S,medium,medium,,,,"0,4","0,5",,"0,4","0,5",,18,8
,196,3,0,2008-0070-003-13,,70,110,m_band,0,mono,fragment,tabby,linen,linen,no,no,S,S,medium,medium,,,,"0,4","0,6",,"0,4","0,6",,17,9
163,196,3,0,2008-0070-003-14,,85,30,m_band,0,mono,fragment,tabby,linen,linen,no,no,S,S,medium,medium,,,,"0,2","0,3","0,25","0,3","0,4","0,35",48,10
164,196,3,0,2008-0070-003-15,,200,40,m_band,0,mono,fragment,tabby,linen,linen,no,no,S,S,medium,loose,,,,"0,2","0,5","0,35","0,4","0,6","0,5",32,8
165,196,3,0,2008-0070-003-16,,230,50,m_band,0,mono,fragment,tabby,linen,linen,no,no,S,S,medium,medium,,,,"0,2","0,3","0,25","0,3","0,4","0,35",52,12
166,196,3,0,2008-0070-003-17,,120,20,n_band,0,mono,fragment,tabby,linen,linen,no,no,S,S,medium,medium,,,,"0,2","0,5","0,35","0,4","0,7","0,55",24,9
167,196,3,0,2008-0070-003-18,,520,165,w_band,0,mono,fragment,tabby,linen,linen,no,no,S,S,medium,medium,,,,"0,5","0,6","0,55","0,3","0,5","0,4",26,9
168,196,3,0,2008-0070-003-19,,100,100,w_band,0,mono,fragment,tabby,linen,linen,no,no,S,S,medium,medium,,,,"0,4","0,5","0,45","0,4","0,5","0,45",32,10
169,196,3,0,2008-0070-003-20,,160,95,w_band,0,mono,fragment,tabby,linen,linen,no,no,S,S,medium,medium,,,,"0,5","0,7","0,6","0,4","0,5","0,45",20,12
170,196,3,0,2008-0070-003-21,,140,70,m_band,0,mono,fragment,tabby,linen,linen,no,no,Z,Z,medium,medium,,,,"0,6","1,2","0,9","0,6","1,2","0,9",12,4
,196,3,0,2008-0070-003-22,,130,70,m_band,0,mono,fragment,basket,linen,linen,no,no,S,S,medium,medium,,,,"0,3","0,5",,"0,3","0,5",,12,10
171,196,3,0,2008-0070-003-23,,110,50,m_band,0,mono,fragment,tabby,linen,linen,no,no,S,S,medium,medium,,,,"0,2","0,3","0,25","0,3","0,5","0,4",52,14
172,196,3,0,2008-0070-003-24,,80,20,n_band,0,mono,fragment,tabby,linen,linen,no,no,S,S,medium,medium,,,,"0,4","0,6","0,5","0,4","0,5","0,45",24,10
173,196,3,0,2008-0070-003-25,,220,25,n_band,0,mono,fragment,tabby,linen,linen,no,no,S,S,medium,medium,,,,"0,2","0,3","0,25","0,3","0,4","0,35",50,10
174,196,3,0,2008-0070-003-26,,145,25,n_band,0,mono,fragment,tabby,linen,linen,no,no,S,S,medium,medium,,,,"0,2","0,4","0,3","0,3","0,4","0,35",32,14
,200,3,0,2008-0118-002,,140,35,n_band,1,composite,fragment,basket,linen,linen,no,no,S,S,medium,medium,,,,"0,3","0,4",,"0,3","0,4",,10,7
,200,3,0,2008-0118-002,,100,35,n_band,2,composite,fragment,basket,linen,linen,no,no,S,S,medium,medium,,,,"0,3","0,4",,"0,3","0,4",,10,7
,200,3,0,2008-0118-002,,50,35,n_band,3,composite,fragment,basket,linen,linen,no,no,S,S,medium,medium,,,,"0,3","0,4",,"0,3","0,4",,10,7
,200,3,0,2008-0118-002,,150,35,n_band,4,composite,fragment,basket,linen,linen,no,no,S,S,medium,medium,,,,"0,3","0,4",,"0,3","0,4",,10,7
175,200,0,1,2008-0118-003,,140,70,m_band,0,mono,fragment,tabby,linen,linen,no,no,S,S,medium,medium,,,,"0,2","0,5","0,35","0,4","0,6","0,5",26,10
,200,0,1,2008-0118-005,,180,40,textile,0,mono,fragment,half-basket,linen,linen,no,no,S,S,uneven,uneven,,,,"0,8","1,5",,"1,2",2,,4,3
176,200,0,1,2008-0118-006,,720,38,n_band,0,mono,fragment,tabby,linen,linen,no,no,S,S,medium,medium,,,,"0,2","0,3","0,25","0,2","0,3","0,25",42,10
177,200,0,1,2008-0118-007,,106,35,n_band,0,mono,fragment,tabby,linen,linen,no,no,S,S,medium,medium,,,,"0,3","0,5","0,4","0,4","0,5","0,45",30,10
178,200,0,1,2008-0118-008,,410,20,n_band,1,composite,fragment,tabby,linen,linen,no,no,S,S,medium,medium,,,,"0,3","0,6","0,45","0,4","0,6","0,5",21,7
178,200,0,,2008-0118-008,,140,20,n_band,2,composite,fragment,tabby,linen,linen,no,no,S,S,medium,medium,,,,"0,3","0,6","0,45","0,4","0,6","0,5",21,7
179,200,0,1,2008-0118-009,,230,60,m_band,1,composite,fragment,tabby,linen,linen,no,no,S,S,medium,medium,,,,"0,3","0,6","0,45","0,4","0,6","0,5",32,10
179,200,0,,2008-0118-009,,140,60,m_band,2,composite,fragment,tabby,linen,linen,no,no,S,S,medium,medium,,,,"0,3","0,6","0,45","0,4","0,6","0,5",32,10
180,200,0,1,2008-0118-010,,100,50,m_band,1,composite,fragment,tabby,linen,linen,no,no,S,S,medium,medium,,,,"0,3","0,6","0,45","0,4","0,5","0,45",24,12
180,200,0,,2008-0118-010,,105,50,m_band,2,composite,fragment,tabby,linen,linen,no,no,S,S,medium,medium,,,,"0,3","0,6","0,45","0,4","0,5","0,45",24,12
180,200,0,,2008-0118-010,,95,50,m_band,3,composite,fragment,tabby,linen,linen,no,no,S,S,medium,medium,,,,"0,3","0,6","0,45","0,4","0,5","0,45",24,12
181,200,0,1,2008-0118-011,,150,80,m_band,0,mono,fragment,tabby,linen,linen,no,no,S,S,medium,medium,,,,"0,3","0,4","0,35","0,3","0,4","0,35",32,11
182,208,1,0,2008-0102-003-02,,180,45,m_band,0,mono,fragment,tabby,linen,linen,no,no,S,S,medium,loose,,,,"0,3","0,6","0,45",1,"1,5","1,25",10,6
183,209,0,1,2008-0121-004-07,,40,15,textile,0,mono,fragment,tabby,linen,linen,red-brown,red-brown,S,S,medium,medium,,,,"0,4","0,8","0,6","0,4","1,2","0,8",12,6
184,211,1,0,2008-0134-001,,150,120,textile,1,composite,fragment,tabby,linen,linen,no,no,S,S,medium,medium,,,,"0,3","0,5","0,4","0,4","0,5","0,45",22,10
184,211,1,,2008-0134-001,,200,180,textile,2,composite,fragment,tabby,linen,linen,no,no,S,S,medium,medium,,,,"0,3","0,5","0,4","0,4","0,5","0,45",22,10
185,211,1,0,2008-0134-001-01,,430,440,funeral_shroud,0,mono,fragment,tabby,linen,linen,no,no,S,S,medium,medium,,,,"0,4","0,6","0,5","0,4","0,6","0,5",17,11
186,211,1,0,2008-0134-001-02,,600,30,n_band,1,composite,fragment,,linen,linen,no,no,S,S,medium,medium,,,,"0,4","0,6","0,5","0,3","0,6","0,45",20,10
186,211,1,,2008-0134-001-02,,640,30,n_band,2,composite,fragment,,linen,linen,no,no,S,S,medium,medium,,,,"0,4","0,6","0,5","0,3","0,6","0,45",20,10
186,211,1,,2008-0134-001-02,,720,30,n_band,3,composite,fragment,,linen,linen,no,no,S,S,medium,medium,,,,"0,4","0,6","0,5","0,3","0,6","0,45",20,10
186,211,1,,2008-0134-001-02,,440,20,n_band,4,composite,fragment,,linen,linen,no,no,S,S,medium,medium,,,,"0,4","0,6","0,5","0,3","0,6","0,45",20,10
186,211,1,,2008-0134-001-02,,450,20,n_band,5,composite,fragment,,linen,linen,no,no,S,S,medium,medium,,,,"0,4","0,6","0,5","0,3","0,6","0,45",20,10
186,211,1,,2008-0134-001-02,,700,30,n_band,6,composite,fragment,,linen,linen,no,no,S,S,medium,medium,,,,"0,4","0,6","0,5","0,3","0,6","0,45",20,10
187,211,1,0,2008-0134-001-03,,480,90,funeral_shroud,0,mono,fragment,,linen,linen,no,no,S,S,medium,medium,,,,"0,4","0,6","0,5","0,3","0,5","0,4",18,12
188,211,1,0,2008-0134-001-04,,750,90,m_band,1,composite,fragment,tabby,linen,linen,no,no,S,S,medium,medium,,,,"0,4","0,5","0,45","0,4","0,5","0,45",17,9
188,211,1,,2008-0134-001-04,,400,40,m_band,2,composite,fragment,tabby,linen,linen,no,no,S,S,medium,medium,,,,"0,4","0,5","0,45","0,4","0,5","0,45",17,9
188,211,1,,2008-0134-001-04,,480,40,m_band,3,composite,fragment,tabby,linen,linen,no,no,S,S,medium,medium,,,,"0,4","0,5","0,45","0,4","0,5","0,45",17,9
188,211,1,,2008-0134-001-04,,160,40,m_band,4,composite,fragment,tabby,linen,linen,no,no,S,S,medium,medium,,,,"0,4","0,5","0,45","0,4","0,5","0,45",17,9
188,211,1,,2008-0134-001-04,,120,40,m_band,5,composite,fragment,tabby,linen,linen,no,no,S,S,medium,medium,,,,"0,4","0,5","0,45","0,4","0,5","0,45",17,9
188,211,1,,2008-0134-001-04,,90,40,m_band,6,composite,fragment,tabby,linen,linen,no,no,S,S,medium,medium,,,,"0,4","0,5","0,45","0,4","0,5","0,45",17,9
188,211,1,,2008-0134-001-04,,370,40,m_band,7,composite,fragment,tabby,linen,linen,no,no,S,S,medium,medium,,,,"0,4","0,5","0,45","0,4","0,5","0,45",17,9
189,211,1,0,2008-0134-001-05,,940,70,m_band,1,composite,fragment,tabby,linen,linen,no,no,S,S,medium,loose,,,,"0,5","0,8","0,65","0,8",1,"0,9",12,6
189,211,1,,2008-0134-001-05,,120,70,m_band,2,composite,fragment,tabby,linen,linen,no,no,S,S,medium,loose,,,,"0,5","0,8","0,65","0,8",1,"0,9",12,6
189,211,1,,2008-0134-001-05,,130,70,m_band,3,composite,fragment,tabby,linen,linen,no,no,S,S,medium,loose,,,,"0,5","0,8","0,65","0,8",1,"0,9",12,6
190,211,1,0,2008-0134-001-06,,660,350,funeral_shroud,1,composite,fragment,tabby,linen,linen,no,no,S,S,medium,medium,,,,"0,5","0,8","0,65","0,8",1,"0,9",14,10
190,211,1,,2008-0134-001-06,,640,290,funeral_shroud,2,composite,fragment,tabby,linen,linen,no,no,S,S,medium,medium,,,,"0,5","0,8","0,65","0,8",1,"0,9",14,10
191,211,1,0,2008-0134-001-07,,400,400,textile,0,mono,intact,tabby,linen,linen,no,no,S,S,medium,medium,,,,"0,3","0,6","0,45","0,5","0,8","0,65",14,10
192,211,1,0,2008-0134-001-08,,480,200,f_strip,1,composite,fragment,tabby,linen,linen,no,no,S,S,medium,medium,,,,"0,4","0,6","0,5","0,6","0,8","0,7",8,5
192,211,1,,2008-0134-001-08,,460,180,f_strip,2,composite,fragment,tabby,linen,linen,no,no,S,S,medium,medium,,,,"0,4","0,6","0,5","0,6","0,8","0,7",8,5
193,211,1,0,2008-0134-001-09,,360,260,f_strip,0,mono,fragment,tabby,linen,linen,no,no,S,S,medium,medium,,,,"0,3","0,6","0,45","0,5","0,8","0,65",14,10
194,211,1,0,2008-0134-001-10,,190,70,m_band,0,mono,fragment,tabby,linen,linen,no,no,S,S,medium,medium,,,,"0,4","0,6","0,5","0,6","0,8","0,7",8,5
195,211,1,0,2008-0134-001-11,,400,400,fabric,0,mono,fragment,tabby,linen,linen,no,no,S,S,medium,medium,,,,"0,3","0,6","0,45","0,5","0,8","0,65",14,10
196,211,1,0,2008-0134-001-12,,680,390,fabric,0,mono,fragment,tabby,linen,linen,no,no,S,S,medium,medium,,,,"0,3","0,5","0,4","0,5","0,8","0,65",14,10
197,211,1,0,2008-0134-001-13,,350,140,f_strip,1,composite,fragment,tabby,linen,linen,no,no,S,S,medium,medium,,,,"0,4","0,6","0,5","0,5","0,8","0,65",8,6
197,211,1,,2008-0134-001-13,,290,90,f_strip,2,composite,fragment,tabby,linen,linen,no,no,S,S,medium,medium,,,,"0,4","0,6","0,5","0,5","0,8","0,65",8,6
198,211,1,0,2008-0134-001-14,,450,790,fabric,0,mono,fragment,tabby,linen,linen,no,no,S,S,medium,medium,,,,"0,3","0,5","0,4","0,5","0,8","0,65",14,10
199,211,1,0,2008-0134-001-15,,320,240,fabric,1,composite,fragment,tabby,linen,linen,no,no,S,S,medium,medium,,,,"0,3","0,6","0,45","0,4","0,8","0,6",8,5
199,211,1,,2008-0134-001-15,,320,390,fabric,2,composite,fragment,tabby,linen,linen,no,no,S,S,medium,medium,,,,"0,3","0,6","0,45","0,4","0,8","0,6",8,5
200,211,1,0,2008-0134-001-16,,130,120,m_band,1,composite,fragment,tabby,linen,linen,no,no,S,S,medium,medium,,,,"0,3","0,6","0,45","0,4","0,8","0,6",18,10
200,211,1,,2008-0134-001-16,,130,120,m_band,2,composite,fragment,tabby,linen,linen,no,no,S,S,medium,medium,,,,"0,3","0,6","0,45","0,4","0,8","0,6",18,10
201,211,1,0,2008-0134-001-17,,860,320,funeral_shroud,0,mono,fragment,tabby,linen,linen,no,no,S,S,medium,medium,,,,"0,3","0,6","0,45","0,5","0,8","0,65",18,11
202,211,1,0,2008-0134-001-18,,640,70,m_band,1,composite,fragment,tabby,linen,linen,no,no,S,S,medium,medium,,,,"0,4","0,6",,"0,5","0,8","0,65",8,5
202,211,1,0,2008-0134-001-18,,620,140,m_band,2,composite,fragment,tabby,linen,linen,no,no,S,S,medium,medium,,,,"0,4","0,6",,"0,5","0,8",,8,5
202,211,1,0,2008-0134-001-18,,660,40,n_band,3,composite,fragment,tabby,linen,linen,no,no,S,S,medium,medium,,,,"0,4","0,6",,"0,5","0,8",,8,5
203,211,1,0,2008-0134-001-19,,320,440,funeral_shroud,0,mono,fragment,tabby,linen,linen,no,no,S,S,medium,medium,,,,"0,3","0,6","0,45","0,3","0,6","0,45",18,10
204,211,1,0,2008-0134-001-21,,460,260,textile,0,mono,fragment,tabby,linen,linen,no,no,S,S,medium,medium,,,,"0,4","0,6","0,5","0,4","0,6","0,5",14,12
205,211,1,0,2008-0134-001-22,,400,800,funeral_shroud,0,mono,fragment,tabby,linen,linen,no,no,S,S,medium,medium,,,,"0,4","0,8","0,6","0,4","0,8","0,6",18,12
206,211,1,0,2008-0134-001-23,,400,900,funeral_shroud,0,mono,fragment,tabby,linen,linen,no,no,S,S,medium,medium,,,,"0,5","0,8","0,65","0,6",1,"0,8",14,10
207,211,1,0,2008-0134-001-27,,450,200,f_strip,0,mono,fragment,tabby,linen,linen,no,no,S,S,medium,medium,,,,"0,4","0,6","0,5","0,5","0,8","0,65",14,10
208,212,2,0,2008-0131-003-03,,120,30,n_band,0,mono,fragment,,linen,linen,no,no,S,S,uneven,uneven,,,,"0,3","0,5","0,4","0,4","0,6","0,5",15,12
209,212,2,0,2008-0142-002,,400,400,funeral_shroud,0,mono,fragment,tabby,linen,linen,no,no,S,S,loose,loose,,,,"0,5","0,6","0,55","0,5","0,6","0,55",13,8
210,212,2,0,2008-0142-003,,400,600,funeral_shroud,0,mono,fragment,tabby,linen,linen,no,no,S,S,loose,loose,,,,"0,5","0,6","0,55","0,5","0,6","0,55",13,9
211,212,2,0,2008-0142-004,,700,250,funeral_shroud,0,mono,fragment,tabby,linen,linen,no,no,S,S,medium,medium,,,,"0,4","0,6","0,5","0,3","0,5","0,4",22,18
212,212,2,0,2008-0142-005,,100,50,m_band,1,composite,fragment,tabby,linen,linen,no,no,S,S,loose,loose,,,,"0,4","0,6","0,5","0,4","0,6","0,5",11,8
212,212,2,0,2008-0142-005,,100,10,n_band,2,composite,fragment,tabby,linen,linen,no,no,S,S,loose,loose,,,,"0,4","0,6","0,5","0,4","0,6","0,5",11,8
212,212,2,0,2008-0142-005,,100,15,n_band,3,composite,fragment,tabby,linen,linen,no,no,S,S,loose,loose,,,,"0,4","0,6","0,5","0,4","0,6","0,5",11,8
213,212,2,0,2008-0142-006,,220,40,n_band,0,mono,fragment,tabby,linen,linen,no,no,S,S,loose,loose,,,,"0,4","0,8","0,6","0,4","0,8","0,6",8,6
214,212,2,0,2008-0142-007,,1300,20,n_band,0,mono,fragment,tabby,linen,linen,no,no,S,S,loose,loose,,,,"0,4","0,6","0,5","0,4","0,6","0,5",10,7
215,212,2,0,2008-0142-008,,300,960,funeral_shroud,0,mono,fragment,tabby,linen,linen,no,no,S,S,loose,loose,,,,"0,4","0,6","0,5","0,4","0,6","0,5",12,8
216,217,1,0,2008-0138-001-29,,55,30,fabric,1,composite,fragment,,linen,linen,no,no,S,S,medium,loose,,,,"0,4","0,6","0,5","0,3","0,5","0,4",20,12
216,217,1,,2008-0138-001-29,,25,50,fabric,2,composite,fragment,,linen,linen,no,no,S,S,medium,loose,,,,"0,4","0,6","0,5","0,3","0,5","0,4",20,12
216,217,1,,2008-0138-001-29,,35,35,fabric,3,composite,fragment,,linen,linen,no,no,S,S,medium,loose,,,,"0,4","0,6","0,5","0,3","0,5","0,4",20,12
217,217,0,1,2008-138-003-01,,120,100,textile,0,mono,sample,tabby,linen,linen,no,no,S,S,medium,medium,,,,"0,3","0,5","0,4","0,4","0,6","0,5",14,10
218,217,0,1,2008-138-003-02,,200,25,n_band,1,composite,fragment,tabby,linen,linen,no,no,S,S,medium,medium,,,,"0,4","0,6","0,5","0,3","0,5","0,4",22,14
218,217,0,1,2008-138-003-02,,180,25,n_band,2,composite,fragment,tabby,linen,linen,no,no,S,S,medium,medium,,,,"0,4","0,6","0,5","0,3","0,5","0,4",22,14
219,217,0,1,2008-138-003-03,,220,20,n_band,1,mono,fragment,tabby,linen,linen,no,no,S,S,medium,medium,,,,"0,4","0,6","0,5","0,3","0,5","0,4",28,14
