,order,grave,add,z,internal_storage,number,warp_size,weft_size,type,item_no,structure,condition,weaving_technique,warp_material,weft_material,warp_dyed,weft_dyed,twist_warp,twist_weft,angle_warp,angle_weft,even (равномерность — фактор),cover factor,selvedge,warp_a,warp_b,warp_thick_mean,weft_a,weft_b,weft_mean,warp_dens,weft_dens,warp_nominal,weft_nominal,warp_weft,density_coefficient
0,1.0,80,0.0,0.0,2007-0075-002,,100,110,fabric,0,mono,fragment,tabby,linen,linen,no,no,S,S,medium,medium,,,,0.5,1.0,"0,75",0.5,1.0,"0,75",13.0,8.0,0.75,0.75,1.62,1.62
1,2.0,80,0.0,0.0,2007-0075-003,,290,40,n_band,0,mono,fragment,tabby,linen,linen,no,no,S,S,medium,medium,,,,0.3,0.5,"0,4",0.6,0.8,"0,7",16.0,10.0,0.4,0.7,1.6,1.6
2,3.0,86,0.0,0.0,2007-0056-003,,140,90,fabric,0,mono,fragment,tabby,linen,linen,no,no,S,I,loose,-,,,,0.5,0.5,"0,5",0.1,0.2,"0,15",18.0,6.0,0.5,0.15,3.0,3.0
3,4.0,86,0.0,1.0,2007-0056-004,,300,20,n_band,0,mono,fragment,tabby,linen,linen,no,no,S,S,medium,medium,,,,0.2,0.5,"0,35",0.2,0.6,"0,4",30.0,9.0,0.35,0.4,3.33,3.33
4,5.0,87,0.0,1.0,2007-0059-001,,420,20,n_band,0,mono,fragment,tabby,linen,linen,no,no,S,S,medium,medium,,,,0.4,0.6,"0,5",0.5,0.6,"0,55",24.0,10.0,0.5,0.55,2.4,2.4
5,6.0,87,0.0,1.0,2007-0059-003,,50,30,fabric,0,mono,fragment,tabby,linen,linen,no,no,S,S,medium,medium,,,,0.4,0.6,"0,5",0.5,0.5,"0,5",24.0,10.0,0.5,0.5,2.4,2.4
6,7.0,87,0.0,1.0,2007-0059-004,,60,90,fabric,0,mono,fragment,tabby,linen,linen,no,no,S,S,loose,loose,,,,0.5,0.6,"0,55",0.5,0.6,"0,55",11.0,7.0,0.55,0.55,1.57,1.57
7,8.0,88,0.0,0.0,2007-0034-001,,90,60,m_band,0,mono,fragment,tabby,linen,linen,no,no,S,S,medium,medium,,,,0.5,0.8,"0,65",0.5,0.8,"0,65",22.0,12.0,0.65,0.65,1.83,1.83
8,9.0,88,0.0,0.0,2007-0034-002,,120,50,m_band,0,mono,fragment,tabby,linen,linen,no,no,S,S,medium,loose,,,,0.6,0.8,"0,7",0.6,1.0,"0,8",13.0,8.0,0.7,0.8,1.62,1.62
9,10.0,88,0.0,0.0,2007-0034-003,,100,100,m_band,0,mono,fragment,tabby,linen,linen,no,no,S,S,medium,medium,,,,0.5,0.6,"0,55",0.6,1.0,"0,8",12.0,8.0,0.55,0.8,1.5,1.5
10,11.0,88,0.0,0.0,2007-0034-004,,550,40,n_band,0,mono,fragment,tabby,linen,linen,no,no,S,S,medium,loose,,,,0.8,1.2,1,0.8,1.0,"0,9",12.0,8.0,1.0,0.9,1.5,1.5
11,12.0,88,0.0,0.0,2007-0034-005,,400,40,m_band,0,mono,fragment,tabby,linen,linen,no,no,S,S,medium,uneven,,,,0.5,1.0,"0,75",0.4,1.0,"0,7",12.0,9.0,0.75,0.7,1.33,1.33
12,13.0,93,0.0,0.0,2007-0082-001,,60,300,m_band,1,composite,fragment,tabby,linen,linen,no,no,S,S,medium,uneven,,,,0.5,1.0,"0,75",0.4,1.0,"0,7",14.0,10.0,0.75,0.7,1.4,1.4
13,13.0,93,0.0,0.0,2007-0082-001,,60,800,m_band,2,composite,fragment,tabby,linen,linen,no,no,S,S,medium,uneven,,,,0.5,1.0,"0,75",0.4,1.0,"0,7",14.0,10.0,0.75,0.7,1.4,1.4
14,14.0,93,0.0,0.0,2007-0082-002,,190,60,m_band,0,mono,fragment,tabby,linen,linen,no,no,S,S,uneven,uneven,,,,0.2,0.4,"0,3",0.2,0.5,"0,35",22.0,16.0,0.3,0.35,1.38,1.38
15,15.0,93,0.0,0.0,2007-0082-003,,550,40,n_band,0,mono,fragment,tabby,linen,linen,no,no,S,S,medium,loose,,,,0.8,1.2,1,0.8,1.0,"0,9",12.0,8.0,1.0,0.9,1.5,1.5
16,16.0,95,0.0,1.0,2007-0038-003,,85,44,fabric,0,mono,fragment,tabby,linen,linen,no,no,S,S,medium,medium,,,,0.3,0.5,"0,4",0.4,0.6,"0,5",18.0,14.0,0.4,0.5,1.29,1.29
17,17.0,95,0.0,1.0,2007-0038-004,,310,90,m_band,0,mono,fragment,tabby,linen,linen,no,no,S,S,medium,loose,,,,0.5,0.8,"0,65",0.5,0.8,"0,65",15.0,8.0,0.65,0.65,1.88,1.88
18,18.0,95,0.0,1.0,2007-0050-001,,310,90,m_band,0,mono,fragment,tabby,linen,linen,no,no,S,S,medium,loose,,,,0.6,0.8,"0,7",0.5,0.8,"0,65",14.0,7.0,0.7,0.65,2.0,2.0
19,19.0,95,0.0,1.0,2007-0050-005,,70,80,m_band,0,mono,fragment,tabby,linen,linen,no,no,S,S,medium,medium,,,,0.4,0.6,"0,5",0.4,0.6,"0,5",26.0,10.0,0.5,0.5,2.6,2.6
20,20.0,95,0.0,1.0,2007-0050-006,,260,30,n_band,0,mono,fragment,tabby,linen,linen,no,no,S,S,loose,uneven,,,,0.3,0.6,"0,45",0.3,0.6,"0,45",24.0,9.0,0.45,0.45,2.67,2.67
21,21.0,95,0.0,1.0,2007-0050-007,,370,40,n_band,0,mono,fragment,tabby,linen,linen,no,no,S,S,loose,medium,,,,0.5,0.8,"0,65",0.2,0.5,"0,35",28.0,10.0,0.65,0.35,2.8,2.8
22,22.0,95,0.0,1.0,2007-0050-010,,100,90,fabric,0,mono,fragment,tabby,linen,linen,no,no,S,I,medium,-,,,,0.5,1.3,"0,9",1.0,2.0,"1,5",10.0,5.0,0.9,1.5,2.0,2.0
24,24.0,95,0.0,1.0,2007-0050-012,,200,130,w_band,0,mono,fragment,tabby,linen,linen,no,no,S,S,medium,medium,,,,0.45,0.5,"0,48",0.4,0.5,"0,45",34.0,12.0,0.48,0.45,2.83,2.83
25,25.0,97,0.0,0.0,2007-0084-001,,70,80,fabric,0,mono,fragment,tabby,linen,linen,no,no,S,S,loose,loose,,,,0.5,0.6,"0,55",0.5,0.6,"0,55",24.0,12.0,0.55,0.55,2.0,2.0
26,26.0,97,0.0,0.0,2007-0084-002,,90,80,fabric,0,mono,fragment,tabby,linen,linen,no,no,S,S,loose,loose,,,,0.5,0.8,"0,65",0.5,0.8,"0,65",14.0,10.0,0.65,0.65,1.4,1.4
27,27.0,97,0.0,0.0,2007-0084-003,,70,12,fabric,0,mono,fragment,tabby,linen,linen,no,no,S,S,uneven,loose,,,,0.5,0.8,"0,65",0.6,1.2,"0,9",10.0,7.0,0.65,0.9,1.43,1.43
28,28.0,107,0.0,0.0,2007-0040,,110,70,fabric,0,mono,fragment,tabby,linen,linen,no,no,S,S,uneven,loose,,,,0.5,0.8,"0,65",0.6,1.0,"0,8",12.0,8.0,0.65,0.8,1.5,1.5
29,29.0,108,0.0,0.0,2007-0047-001,,120,110,w_band,0,mono,fragment,tabby,linen,linen,no,no,S,S,medium,medium,,,,0.3,0.6,"0,45",0.7,0.8,"0,75",16.0,12.0,0.45,0.75,1.33,1.33
30,30.0,108,0.0,0.0,2007-0047-002,,50,290,m_band,0,mono,fragment,tabby,linen,linen,no,no,S,S,medium,medium,,,,0.2,0.5,"0,35",0.2,0.5,"0,35",16.0,14.0,0.35,0.35,1.14,1.14
31,31.0,126,0.0,1.0,2007- 0077-001,,720,20,n_band,0,mono,fragment,tabby,linen,linen,no,no,S,S,loose,loose,,,,0.5,1.0,"0,75",0.8,1.0,"0,9",13.0,8.0,0.75,0.9,1.62,1.62
32,32.0,126,0.0,1.0,2007- 0077-004,,120,80,m_band,0,mono,fragment,tabby,linen,linen,no,no,S,S,loose,loose,,,,0.2,0.5,"0,35",0.4,0.6,"0,5",24.0,10.0,0.35,0.5,2.4,2.4
33,33.0,126,0.0,1.0,2007- 0077-005,,130,60,fabric,0,mono,fragment,tabby,linen,linen,light,light,S,S,uneven,loose,,,,0.2,0.5,"0,35",0.4,0.5,"0,45",23.0,12.0,0.35,0.45,1.92,1.92
34,34.0,133,0.0,0.0,2010- 0001-001,,200,260,sewn_ item,1,composite,fragment,basket,linen,linen,no,no,S,S,medium,medium,,,,0.5,0.6,"0,55",0.5,0.6,"0,55",12.0,8.0,0.55,0.55,1.5,1.5
36,35.0,133,0.0,0.0,2010- 0001-002,,140,45,band,1,composite,fragment,tabby,linen,linen,no,no,S,S,medium,medium,,,,0.6,0.8,"0,7",0.6,1.0,"0,8",12.0,10.0,0.7,0.8,1.2,1.2
37,36.0,133,0.0,0.0,2010- 0001-002,,8,18,band,2,composite,fragment,tabby,linen,linen,no,no,S,S,medium,medium,,,,0.2,0.4,"0,3",0.4,0.6,"0,5",32.0,14.0,0.3,0.5,2.29,2.29
38,37.0,133,0.0,0.0,2008-0036-001-01,,6,14,fabric,0,mono,fragment,tabby,linen,linen,no,no,S,S,loose,medium,,,,0.4,0.6,"0,5",0.4,0.5,"0,45",14.0,16.0,0.5,0.45,0.88,0.88
39,38.0,133,0.0,0.0,2008-0036-001-02,,60,30,n_band,0,mono,fragment,tabby,linen,linen,no,no,S,S,medium,medium,,,,0.4,0.5,"0,45",0.4,0.5,"0,45",24.0,10.0,0.45,0.45,2.4,2.4
40,39.0,133,0.0,0.0,2008-0036-001-03,,12,120,fabric,0,mono,fragment,tabby,linen,linen,no,no,S,S,medium,medium,,,,0.3,0.5,"0,4",0.3,0.6,"0,45",36.0,14.0,0.4,0.45,2.57,2.57
41,40.0,133,0.0,0.0,2008-0036-001-04,,20,20,fabric,0,mono,fragment,tabby,linen,linen,no,no,S,S,medium,medium,,,,0.3,0.5,"0,4",0.3,0.5,"0,4",24.0,10.0,0.4,0.4,2.4,2.4
42,41.0,133,0.0,0.0,2008-0036-001-05,,15,20,fabric,0,mono,fragment,tabby,linen,linen,no,no,S,S,medium,medium,,,,0.3,0.5,"0,4",0.3,0.5,"0,4",22.0,12.0,0.4,0.4,1.83,1.83
43,42.0,133,0.0,0.0,2008-0036-001-06,,10,40,fabric,1,composite,fragment,tabby,linen,linen,no,no,S,S,medium,medium,,,,0.2,0.4,"0,3",0.2,0.4,"0,3",36.0,14.0,0.3,0.3,2.57,2.57
44,42.0,133,0.0,0.0,2008-0036-001-06,,20,15,fabric,2,composite,fragment,tabby,linen,linen,no,no,S,S,medium,medium,,,,0.2,0.4,"0,3",0.2,0.4,"0,3",36.0,14.0,0.3,0.3,2.57,2.57
45,42.0,133,0.0,0.0,2008-0036-001-06,,14,25,fabric,3,composite,fragment,tabby,linen,linen,no,no,S,S,medium,medium,,,,0.2,0.4,"0,3",0.2,0.4,"0,3",36.0,14.0,0.3,0.3,2.57,2.57
46,43.0,133,0.0,0.0,2008-0036-001-08,,20,40,fabric,0,mono,fragment,tabby,linen,linen,no,no,S,S,medium,medium,,,,0.3,0.4,"0,35",0.3,0.4,"0,35",32.0,12.0,0.35,0.35,2.67,2.67
47,44.0,133,0.0,0.0,2008-0036-001-09,,10,20,fabric,0,mono,fragment,tabby,linen,linen,no,no,S,S,loose,medium,,,,0.2,0.4,"0,3",0.2,0.3,"0,25",40.0,14.0,0.3,0.25,2.86,2.86
48,45.0,133,0.0,0.0,2008-0036-002,,убрать эту запись!!!!,0,fabric,1,composite,fragment,tabby,linen,linen,no,no,S,S,loose,loose,,,,0.3,0.5,"0,4",0.3,0.6,"0,45",12.0,8.0,0.4,0.45,1.5,1.5
50,47.0,137,0.0,0.0,2007-0039-001,,130,130,m_band,0,mono,fragment,tabby,linen,linen,no,no,S,S,medium,medium,,,,0.5,0.6,"0,55",0.5,0.6,"0,55",17.0,10.0,0.55,0.55,1.7,1.7
51,48.0,137,0.0,0.0,2007-0039-002,,160,130,fabric,0,mono,fragment,tabby,linen,linen,light,light,S,S,uneven,loose,,,,0.5,0.6,"0,55",0.5,0.8,"0,65",18.0,9.0,0.55,0.65,2.0,2.0
52,49.0,137,0.0,0.0,2007-0039-003,,240,40,n_band,0,mono,fragment,tabby,linen,linen,no,no,S,S,loose,medium,,,,0.5,0.8,"0,65",0.4,0.8,"0,6",28.0,9.0,0.65,0.6,3.11,3.11
53,50.0,140,2.0,0.0,2007-0041-001,,150,90,m_band,0,mono,fragment,tabby,linen,linen,no,no,S,S,loose,loose,,,,0.4,0.5,"0,45",0.5,0.6,"0,55",28.0,12.0,0.45,0.55,2.33,2.33
54,51.0,140,2.0,0.0,2007-0041-002,,280,130,w_band,0,mono,fragment,tabby,linen,linen,no,no,S,S,uneven,medium,,,,0.4,0.6,"0,5",0.5,0.8,"0,65",18.0,7.0,0.5,0.65,2.57,2.57
55,52.0,140,2.0,0.0,2007-0041-003,,240,90,m_band,0,mono,fragment,tabby,linen,linen,no,no,S,S,loose,medium,,,,0.2,0.6,"0,4",0.3,0.5,"0,4",24.0,13.0,0.4,0.4,1.85,1.85
56,53.0,140,2.0,0.0,2007-0041-004,,170,150,w_band,0,mono,fragment,tabby,linen,linen,no,no,S,S,uneven,medium,,,,0.3,0.3,"0,3",0.3,0.5,"0,4",25.0,10.0,0.3,0.4,2.5,2.5
57,54.0,140,2.0,0.0,2007-0041-005,,380,130,w_band,0,mono,fragment,tabby,linen,linen,no,no,S,S,medium,medium,,,,0.4,0.6,"0,5",0.4,0.6,"0,5",24.0,8.0,0.5,0.5,3.0,3.0
58,55.0,140,2.0,0.0,2007-0041-006,,200,60,m_band,1,composite,fragment,tabby,linen,linen,no,no,S,S,uneven,uneven,,,,0.3,0.6,"0,45",0.3,0.6,"0,45",26.0,10.0,0.45,0.45,2.6,2.6
59,55.0,140,2.0,0.0,2007-0041-006,,200,60,m_band,2,composite,fragment,tabby,linen,linen,no,no,S,S,uneven,uneven,,,,0.3,0.6,"0,45",0.3,0.6,"0,45",26.0,10.0,0.45,0.45,2.6,2.6
60,56.0,140,2.0,0.0,2007-0041-007,,140,280,w_band,0,mono,fragment,tabby,linen,linen,no,no,S,S,medium,medium,,,,0.2,0.6,"0,4",0.2,0.4,"0,3",20.0,12.0,0.4,0.3,1.67,1.67
61,57.0,140-148,0.0,0.0,2007-0058-001,,170,60,m_band,0,mono,fragment,tabby,linen,linen,no,no,S,S,medium,medium,,,,0.2,0.6,"0,4",0.4,0.5,"0,45",24.0,9.0,0.4,0.45,2.67,2.67
62,58.0,140-148,0.0,0.0,2007-0058-002,,200,80,m_band,0,mono,fragment,tabby,linen,linen,no,no,S,S,medium,medium,,,,0.2,0.5,"0,35",0.4,0.5,"0,45",26.0,10.0,0.35,0.45,2.6,2.6
63,59.0,144,0.0,1.0,2007-0054-003,,180,110,w_band,0,mono,fragment,tabby,linen,linen,no,no,S,S,uneven,loose,,,,0.2,0.6,"0,4",0.2,0.8,"0,5",26.0,12.0,0.4,0.5,2.17,2.17
64,60.0,144,0.0,1.0,2007-0054-004,,150,30,m_band,1,composite,fragment,tabby,linen,linen,no,no,S,I,medium,-,,,,0.5,0.6,"0,55",0.5,0.7,"0,6",16.0,8.0,0.55,0.6,2.0,2.0
65,60.0,144,0.0,1.0,2007-0054-004,,100,50,m_band,2,composite,fragment,tabby,linen,linen,no,no,S,I,medium,-,,,,0.5,0.6,"0,55",0.5,0.7,"0,6",16.0,8.0,0.55,0.6,2.0,2.0
66,61.0,144,0.0,1.0,2007-0054-005,,90,60,m_band,0,mono,fragment,tabby,linen,linen,no,no,S,S,loose,uneven,,,,0.8,1.5,"1,15",0.6,0.8,"0,7",18.0,6.0,1.15,0.7,3.0,3.0
67,62.0,144,0.0,1.0,2007-0054-006,,440,40,n_band,0,mono,fragment,tabby,linen,linen,no,no,S,S,medium,loose,,,,0.4,0.6,"0,5",0.5,0.6,"0,55",34.0,8.0,0.5,0.55,4.25,4.25
68,63.0,144,1.0,1.0,2007-0054-007,,150,80,m_band,0,mono,fragment,tabby,linen,linen,no,no,S,S,medium,medium,,,,0.2,0.5,"0,35",0.4,0.8,"0,6",20.0,8.0,0.35,0.6,2.5,2.5
69,64.0,159,1.0,0.0,2008-0001,,205,235,fabric,0,mono,fragment,tabby,linen,linen,no,no,S,S,uneven,medium,,,,0.2,0.4,"0,3",0.3,0.6,"0,45",24.0,14.0,0.3,0.45,1.71,1.71
70,65.0,159,1.0,0.0,2008-0001-002-01,,110,200,funeral_shroud,1,composite,fragment,tabby,linen,linen,no,no,S,S,loose,medium,,,,0.4,0.6,"0,5",0.4,0.6,"0,5",17.0,7.0,0.5,0.5,2.43,2.43
71,66.0,159,1.0,0.0,2008-0001-002-01,,155,230,funeral_shroud,2,composite,fragment,tabby,linen,linen,no,no,S,S,loose,loose,,,,0.2,0.4,"0,3",0.2,0.4,"0,3",16.0,16.0,0.3,0.3,1.0,1.0
72,67.0,159,1.0,0.0,2008-0001-003-01,,170,60,m_band,0,mono,fragment,tabby,linen,linen,no,no,S,S,medium,medium,,,,0.2,0.4,"0,3",0.4,0.6,"0,5",32.0,10.0,0.3,0.5,3.2,3.2
73,68.0,159,0.0,1.0,2008-001-003-04,,400,180,fabric,1,composite,fragment,tabby,linen,linen,no,no,S,S,loose,loose,,,,0.5,0.6,"0,55",0.6,0.8,"0,7",18.0,9.0,0.55,0.7,2.0,2.0
74,69.0,159,0.0,1.0,2008-001-003-04,,480,320,fabric,2,composite,fragment,tabby,linen,linen,no,no,S,S,medium,medium,,,,0.2,0.4,"0,3",0.3,0.5,"0,4",24.0,15.0,0.3,0.4,1.6,1.6
75,70.0,159,0.0,1.0,2008-001-003-04,,220,360,fabric,3,composite,fragment,tabby,linen,linen,no,no,S,S,loose,loose,,,,0.5,0.6,"0,55",0.6,8.0,"4,3",30.0,8.0,0.55,4.3,3.75,3.75
76,71.0,159,0.0,1.0,2008-001-003-05,,160,65,fabric,1,composite,fragment,tabby,linen,linen,no,no,S,S,loose,medium,,,,0.4,0.5,"0,45",0.2,0.4,"0,3",36.0,16.0,0.45,0.3,2.25,2.25
77,72.0,159,0.0,1.0,2008-001-003-05,,130,50,fabric,2,composite,fragment,tabby,linen,linen,no,no,S,S,uneven,uneven,,,,0.4,0.6,"0,5",0.4,0.6,"0,5",16.0,12.0,0.5,0.5,1.33,1.33
78,73.0,159,0.0,1.0,2008-001-003-05,,160,65,fabric,3,composite,fragment,tabby,linen,linen,no,no,S,S,medium,medium,,,,0.3,0.5,"0,4",0.3,0.5,"0,4",22.0,16.0,0.4,0.4,1.38,1.38
80,75.0,159,0.0,1.0,2008-0001-004-05,,25,85,fabric,2,composite,fragment,tabby,linen,linen,no,no,S,S,uneven,uneven,,,,0.2,0.6,"0,4",0.2,0.6,"0,4",16.0,12.0,0.4,0.4,1.33,1.33
81,76.0,159,1.0,0.0,2008-004-01,,110,85,fabric,0,mono,fragment,tabby,linen,linen,no,no,S,S,loose,loose,,,,0.4,0.6,"0,5",0.3,0.5,"0,4",16.0,11.0,0.5,0.4,1.45,1.45
82,77.0,160,1.0,0.0,2008-002-02,,300,1220,fabric,0,mono,fragment,tabby,linen,linen,no,no,S,S,uneven,loose,,,,0.2,0.7,"0,45",0.4,0.5,"0,45",10.0,8.0,0.45,0.45,1.25,1.25
84,79.0,"160, 165-167",0.0,0.0,2008-002-010-02,,130,35,n_band,0,mono,fragment,tabby,linen,linen,no,no,S,S,loose,loose,,,,0.2,0.6,"0,4",0.3,0.5,"0,4",15.0,12.0,0.4,0.4,1.25,1.25
85,80.0,"160, 165-167",0.0,0.0,2008-002-010-05,,1250,25,n_band,0,mono,fragment,tabby,linen,linen,no,no,S,S,loose,loose,,,,0.4,0.5,"0,45",0.3,0.4,"0,35",32.0,11.0,0.45,0.35,2.91,2.91
86,81.0,"160, 165-167",0.0,0.0,2008-002-010-08,,240,150,fabric,0,mono,fragment,tabby,linen,linen,no,no,S,S,loose,loose,,,,0.4,0.6,"0,5",0.3,0.5,"0,4",32.0,12.0,0.5,0.4,2.67,2.67
87,82.0,161,1.0,0.0,2008-005-001-01,,630,30,n_band,1,composite,fragment,tabby,linen,linen,no,no,S,S,medium,medium,,,,0.3,0.5,"0,4",0.5,0.6,"0,55",13.0,9.0,0.4,0.55,1.44,1.44
88,82.0,161,1.0,0.0,2008-005-001-01,,420,30,n_band,2,composite,fragment,tabby,linen,linen,no,no,S,S,medium,medium,,,,0.3,0.5,"0,4",0.5,0.6,"0,55",13.0,9.0,0.4,0.55,1.44,1.44
89,82.0,161,1.0,0.0,2008-005-001-01,,380,25,n_band,3,composite,fragment,tabby,linen,linen,no,no,S,S,medium,medium,,,,0.3,0.5,"0,4",0.5,0.6,"0,55",13.0,9.0,0.4,0.55,1.44,1.44
90,83.0,161,1.0,0.0,2008-005-001-02,,130,30,textile,0,mono,fragment,tabby,linen,linen,no,no,S,S,medium,medium,,,,0.2,0.6,"0,4",0.5,0.7,"0,6",12.0,8.0,0.4,0.6,1.5,1.5
96,89.0,163,0.0,1.0,2008-008-001-01-5,,45,230,m_band,0,mono,fragment,tabby,linen,linen,no,no,S,S,medium,medium,,,,0.3,0.4,"0,35",0.3,0.4,"0,35",24.0,10.0,0.35,0.35,2.4,2.4
97,90.0,163,0.0,1.0,2008-008-001-03-2,,310,920,funeral_shroud,1,composite,fragment,tabby,linen,linen,no,no,S,S,medium,medium,,,,0.5,0.6,"0,55",0.5,0.6,"0,55",10.0,7.0,0.55,0.55,1.43,1.43
104,92.0,163,0.0,1.0,2008-008-04,,300,820,funeral_shroud,0,mono,fragment,tabby,linen,linen,no,no,S,S,medium,medium,,,,0.4,0.6,"0,5",0.4,0.6,"0,5",16.0,10.0,0.5,0.5,1.6,1.6
105,93.0,163,0.0,1.0,2008-008-06,,2100,26,n_band,0,mono,fragment,tabby,linen,linen,no,no,S,S,medium,medium,,,,0.4,0.5,"0,45",0.3,0.4,"0,35",28.0,10.0,0.45,0.35,2.8,2.8
107,95.0,163,0.0,1.0,2008-008-08,,170,90,m_band,0,mono,fragment,tabby,linen,linen,no,no,S,S,medium,medium,,,,0.3,0.4,"0,35",0.3,0.3,"0,3",34.0,14.0,0.35,0.3,2.43,2.43
108,96.0,169,0.0,1.0,2008-0011-001-01,,50,10,n_band,0,mono,fragment,tabby,linen,linen,no,no,S,S,medium,medium,,,,0.3,0.5,"0,4",0.2,0.3,"0,25",28.0,5.0,0.4,0.25,5.6,5.6
109,97.0,172,0.0,1.0,2008-0013-002-04,,230,120,fabric,0,mono,fragment,tabby,linen,linen,no,no,S,S,medium,medium,,,,0.3,0.6,"0,45",0.3,0.6,"0,45",19.0,12.0,0.45,0.45,1.58,1.58
110,98.0,173,0.0,1.0,2008-0031-003-01,,270,25,n_band,0,mono,fragment,tabby,linen,linen,no,no,S,S,medium,medium,,,,0.6,0.8,"0,7",0.6,0.8,"0,7",12.0,10.0,0.7,0.7,1.2,1.2
111,99.0,173,0.0,1.0,2008-0031-003-02,,420,20,n_band,0,mono,fragment,tabby,linen,linen,no,no,S,S,medium,medium,,,,0.3,0.6,"0,45",0.3,0.5,"0,4",28.0,14.0,0.45,0.4,2.0,2.0
112,100.0,173,0.0,1.0,2008-0031-003-03,,360,45,m_band,0,mono,fragment,tabby,linen,linen,no,no,S,S,medium,medium,,,,0.6,0.8,"0,7",0.6,0.8,"0,7",12.0,10.0,0.7,0.7,1.2,1.2
113,101.0,173,0.0,1.0,2008-0031-003-04,,260,160,w_band,0,mono,fragment,tabby,linen,linen,no,no,S,S,medium,medium,,,,0.4,0.6,"0,5",0.3,0.5,"0,4",26.0,15.0,0.5,0.4,1.73,1.73
114,102.0,173,0.0,1.0,2008-0031-003-05,,110,30,n_band,0,mono,fragment,tabby,linen,linen,no,no,S,S,medium,medium,,,,0.4,0.6,"0,5",0.3,0.5,"0,4",26.0,15.0,0.5,0.4,1.73,1.73
115,103.0,173,0.0,1.0,2008-0031-003-06,,100,15,n_band,0,mono,fragment,tabby,linen,linen,no,no,S,S,medium,medium,,,,0.4,0.6,"0,5",0.3,0.5,"0,4",26.0,18.0,0.5,0.4,1.44,1.44
116,104.0,173,0.0,1.0,2008-0031-003-07,,360,45,m_band,0,mono,fragment,tabby,linen,linen,no,no,S,S,medium,medium,,,,0.3,0.7,"0,5",0.4,0.5,"0,45",36.0,10.0,0.5,0.45,3.6,3.6
117,105.0,173,0.0,1.0,2008-0031-003-08,,190,45,m_band,0,mono,fragment,tabby,linen,linen,no,no,S,S,medium,medium,,,,0.3,0.7,"0,5",0.4,0.5,"0,45",36.0,10.0,0.5,0.45,3.6,3.6
118,106.0,173,0.0,1.0,2008-0031-003-09,,80,50,m_band,0,mono,fragment,tabby,linen,linen,no,no,S,S,medium,medium,,,,0.6,1.2,"0,9",1.0,1.4,"1,2",20.0,8.0,0.9,1.2,2.5,2.5
119,107.0,173,0.0,1.0,2008-0031-003-10,,70,55,textile,0,mono,fragment,tabby,linen,linen,no,no,S,S,medium,loose,,,,0.5,0.8,"0,65",1.5,2.5,2,12.0,5.0,0.65,2.0,2.4,2.4
120,108.0,173,0.0,1.0,2008-0031-003-11,,50,50,m_band,0,mono,fragment,tabby,linen,linen,no,no,S,S,medium,medium,,,,0.4,0.6,"0,5",0.4,0.6,"0,5",27.0,16.0,0.5,0.5,1.69,1.69
121,109.0,173,0.0,1.0,2008-0031-003-12,,160,20,n_band,0,mono,fragment,tabby,linen,linen,no,no,S,S,medium,medium,,,,0.3,0.8,"0,55",0.3,0.6,"0,45",30.0,12.0,0.55,0.45,2.5,2.5
122,110.0,173,0.0,1.0,2008-0031-003-13,,100,20,n_band,2,composite,fragment,tabby,linen,linen,no,no,S,S,medium,medium,,,,0.3,0.5,"0,4",0.5,0.6,"0,55",20.0,5.0,0.4,0.55,4.0,4.0
123,111.0,173,0.0,1.0,2008-0031-003-14,,100,60,textile,0,mono,fragment,tabby,linen,linen,no,no,S,S,medium,medium,,,,0.6,0.8,"0,7",0.4,0.6,"0,5",14.0,4.0,0.7,0.5,3.5,3.5
124,112.0,173,0.0,1.0,2008-0031-003-15,,150,110,textile,0,mono,fragment,tabby,linen,linen,no,no,S,S,medium,medium,,,,0.6,0.8,"0,7",0.4,0.6,"0,5",14.0,4.0,0.7,0.5,3.5,3.5
125,113.0,173,0.0,1.0,2008-0031-003-16,,40,15,n_band,0,mono,fragment,tabby,linen,linen,no,no,S,S,medium,medium,,,,0.4,0.6,"0,5",0.3,0.5,"0,4",26.0,18.0,0.5,0.4,1.44,1.44
126,114.0,175,0.0,1.0,2008-0024-003-01,,200,210,funeral_shroud,0,mono,fragment,tabby,linen,linen,no,no,S,S,medium,medium,,,,0.4,0.6,"0,5",0.4,0.6,"0,5",34.0,12.0,0.5,0.5,2.83,2.83
127,115.0,175,0.0,1.0,2008-0024-003-02,,75,75,textile,1,composite,fragment,tabby,linen,linen,no,no,S,S,medium,medium,,,,0.5,0.8,"0,65",0.5,0.8,"0,65",16.0,10.0,0.65,0.65,1.6,1.6
128,115.0,175,0.0,1.0,2008-0024-003-02,,90,20,textile,2,composite,fragment,tabby,linen,linen,no,no,S,S,medium,medium,,,,0.5,0.8,"0,65",0.5,0.8,"0,65",16.0,10.0,0.65,0.65,1.6,1.6
129,116.0,175,0.0,1.0,2008-0024-003-03,,70,230,pelena,1,composite,fragment,tabby,linen,linen,no,no,S,S,medium,medium,,,,0.4,0.6,"0,5",0.4,0.6,"0,5",16.0,7.0,0.5,0.5,2.29,2.29
130,116.0,175,0.0,1.0,2008-0024-003-03,,350,200,pelena,2,composite,fragment,tabby,linen,linen,no,no,S,S,medium,medium,,,,0.4,0.6,"0,5",0.4,0.6,"0,5",16.0,7.0,0.5,0.5,2.29,2.29
131,117.0,175,0.0,1.0,2008-0024-003-04,,100,140,nakladka,1,composite,fragment,tabby,linen,linen,no,no,S,S,medium,medium,,,,0.4,0.6,"0,5",0.4,0.7,"0,55",16.0,7.0,0.5,0.55,2.29,2.29
132,117.0,175,0.0,1.0,2008-0024-003-04,,350,55,m_band,2,composite,fragment,tabby,linen,linen,no,no,S,S,medium,medium,,,,0.4,0.6,"0,5",0.4,0.7,"0,55",16.0,7.0,0.5,0.55,2.29,2.29
133,118.0,176,0.0,0.0,2008-0032-005,,1230,60,funeral_shroud,0,mono,fragment,tabby,linen,linen,no,no,S,S,uneven,medium,,,,0.2,0.5,"0,35",0.2,0.3,"0,25",32.0,12.0,0.35,0.25,2.67,2.67
134,119.0,179,0.0,0.0,2008-0042-001-01,,20,450,n_band,0,mono,fragment,tabby,linen,linen,no,no,S,S,loose,loose,,,,0.3,0.6,"0,45",0.5,0.7,"0,6",16.0,8.0,0.45,0.6,2.0,2.0
135,120.0,179,0.0,0.0,2008-0042-001-05,,180,250,textile,0,mono,fragment,tabby,linen,linen,no,no,S,S,medium,loose,,,,0.3,0.4,"0,35",0.5,0.6,"0,55",22.0,13.0,0.35,0.55,1.69,1.69
136,121.0,179,0.0,0.0,2008-0042-001-06,,200,300,funeral_shroud,0,mono,fragment,tabby,linen,linen,no,no,S,S,loose,loose,,,,0.5,0.8,"0,65",0.4,0.6,"0,5",13.0,8.0,0.65,0.5,1.62,1.62
138,,181-183,,,2008-0028-010-03,,120,38,textile,0,mono,fragment,basket,linen,linen,,,S,S,uneven,uneven,,,,0.3,0.4,,0.3,0.4,,14.0,9.0,0.35,0.35,1.56,1.56
139,122.0,181-183,0.0,1.0,2008-0028-010-01,,250,35,n_band,0,mono,fragment,,linen,linen,no,no,S,S,loose,uneven,,,,0.3,0.4,"0,35",0.2,0.6,"0,4",22.0,9.0,0.35,0.4,2.44,2.44
140,123.0,181-183,0.0,1.0,2008-0028-010-04,,110,65,m_band,0,mono,fragment,,linen,linen,no,no,S,S,loose,loose,,,,0.4,0.6,"0,5",0.3,0.5,"0,4",20.0,12.0,0.5,0.4,1.67,1.67
141,124.0,182,0.0,1.0,2008-0028-005-01,,860,30,n_band,0,mono,fragment,,linen,linen,no,no,S,S,medium,medium,,,,0.2,0.4,"0,3",0.4,0.6,"0,5",30.0,10.0,0.3,0.5,3.0,3.0
142,125.0,182,0.0,1.0,2008-0028-005-02,,1100,25,n_band,0,mono,fragment,,linen,linen,no,no,S,S,medium,medium,,,,0.2,0.4,"0,3",0.4,0.6,"0,5",32.0,10.0,0.3,0.5,3.2,3.2
143,126.0,182,0.0,1.0,2008-0028-005-03,,100,100,f_overlay,0,mono,fragment,,linen,linen,no,no,S,S,loose,loose,,,,0.2,0.5,"0,35",0.2,0.5,,26.0,9.0,0.35,0.35,2.89,2.89
144,127.0,182,0.0,1.0,2008-0028-005-04,,20,200,m_band,1,composite,fragment,tabby,linen,linen,no,no,S,S,medium,medium,,,,0.2,0.4,"0,3",0.4,0.6,"0,5",30.0,8.0,0.3,0.5,3.75,3.75
145,127.0,182,0.0,,2008-0028-005-04,,200,80,m_band,2,composite,fragment,tabby,linen,linen,no,no,S,S,medium,medium,,,,0.2,0.4,"0,3",0.4,0.6,"0,5",30.0,8.0,0.3,0.5,3.75,3.75
146,128.0,182,0.0,1.0,2008-0028-005-05,,50,20,n_band,1,composite,fragment,tabby,linen,linen,no,no,S,S,loose,medium,,,,0.3,0.6,"0,45",0.5,0.8,"0,65",28.0,8.0,0.45,0.65,3.5,3.5
147,128.0,182,0.0,,2008-0028-005-05,,80,20,n_band,2,composite,fragment,tabby,linen,linen,no,no,S,S,loose,medium,,,,0.3,0.6,"0,45",0.5,0.8,"0,65",28.0,8.0,0.45,0.65,3.5,3.5
148,128.0,182,0.0,,2008-0028-005-05,,40,20,n_band,3,composite,fragment,tabby,linen,linen,no,no,S,S,loose,medium,,,,0.3,0.6,"0,45",0.5,0.8,"0,65",28.0,8.0,0.45,0.65,3.5,3.5
149,128.0,182,0.0,,2008-0028-005-05,,20,20,n_band,4,composite,fragment,tabby,linen,linen,no,no,S,S,loose,medium,,,,0.3,0.6,"0,45",0.5,0.8,"0,65",28.0,8.0,0.45,0.65,3.5,3.5
150,129.0,182,0.0,1.0,2008-0028-005-06,,100,20,n_band,0,mono,fragment,tabby,linen,linen,no,no,S,S,loose,medium,,,,0.3,0.6,"0,45",0.5,0.6,"0,55",22.0,9.0,0.45,0.55,2.44,2.44
151,130.0,182,0.0,1.0,2008-0028-005-07,,60,20,n_band,0,mono,fragment,basket,linen,linen,no,no,S,S,medium,medium,,,,0.4,0.6,"0,5",0.4,0.6,"0,5",12.0,6.0,0.5,0.5,2.0,2.0
152,131.0,182,0.0,1.0,2008-0028-005-08,,220,120,w_band,1,composite,fragment,tabby,linen,linen,no,no,S,S,medium,medium,,,,0.3,0.5,"0,4",0.3,0.4,"0,35",24.0,10.0,0.4,0.35,2.4,2.4
153,131.0,182,0.0,,2008-0028-005-08,,130,100,w_band,2,composite,fragment,tabby,linen,linen,no,no,S,S,medium,medium,,,,0.3,0.5,"0,4",0.3,0.4,"0,35",24.0,10.0,0.4,0.35,2.4,2.4
154,132.0,182,0.0,1.0,2008-0028-005-09,,150,50,m_band,1,composite,fragment,tabby,linen,linen,no,no,S,S,uneven,medium,,,,0.4,0.6,"0,5",0.3,0.6,"0,45",28.0,9.0,0.5,0.45,3.11,3.11
155,132.0,182,0.0,,2008-0028-005-09,,150,80,m_band,2,composite,fragment,tabby,linen,linen,no,no,S,S,uneven,medium,,,,0.4,0.6,"0,5",0.3,0.6,"0,45",28.0,9.0,0.5,0.45,3.11,3.11
156,132.0,182,0.0,,2008-0028-005-09,,60,55,m_band,3,composite,fragment,tabby,linen,linen,no,no,S,S,uneven,medium,,,,0.4,0.6,"0,5",0.3,0.6,"0,45",28.0,9.0,0.5,0.45,3.11,3.11
157,132.0,182,0.0,,2008-0028-005-09,,70,60,m_band,4,composite,fragment,tabby,linen,linen,no,no,S,S,uneven,medium,,,,0.4,0.6,"0,5",0.3,0.6,"0,45",28.0,9.0,0.5,0.45,3.11,3.11
158,132.0,182,0.0,,2008-0028-005-09,,50,50,m_band,5,composite,fragment,tabby,linen,linen,no,no,S,S,uneven,medium,,,,0.4,0.6,"0,5",0.3,0.6,"0,45",28.0,9.0,0.5,0.45,3.11,3.11
159,133.0,182,0.0,1.0,2008-0028-005-10,,140,20,n_band,1,composite,fragment,tabby,linen,linen,no,no,S,S,loose,medium,,,,0.3,0.6,"0,45",0.5,0.8,"0,65",28.0,8.0,0.45,0.65,3.5,3.5
160,133.0,182,0.0,,2008-0028-005-10,,160,20,n_band,2,composite,fragment,tabby,linen,linen,no,no,S,S,loose,medium,,,,0.3,0.6,"0,45",0.5,0.8,"0,65",28.0,8.0,0.45,0.65,3.5,3.5
161,133.0,182,0.0,,2008-0028-005-10,,70,20,n_band,3,composite,fragment,tabby,linen,linen,no,no,S,S,loose,medium,,,,0.3,0.6,"0,45",0.5,0.8,"0,65",28.0,8.0,0.45,0.65,3.5,3.5
162,134.0,182,0.0,1.0,2008-0028-005-11,,940,20,n_band,0,mono,fragment,,linen,linen,no,no,S,S,loose,medium,,,,0.2,0.4,"0,3",0.4,0.6,"0,5",30.0,12.0,0.3,0.5,2.5,2.5
163,135.0,182,0.0,1.0,2008-0028-005-12,,250,130,f_strip,0,mono,fragment,,linen,linen,no,no,S,S,medium,loose,,,,0.4,0.5,"0,45",0.3,0.6,"0,45",20.0,8.0,0.45,0.45,2.5,2.5
164,136.0,182,0.0,1.0,2008-0028-005-13,,300,100,w_band,1,composite,fragment,,linen,linen,no,no,S,S,loose,medium,,,,0.2,0.4,"0,3",0.4,0.6,"0,5",30.0,10.0,0.3,0.5,3.0,3.0
165,136.0,182,0.0,,2008-0028-005-13,,400,20,n_band,2,composite,fragment,,linen,linen,no,no,S,S,loose,medium,,,,0.2,0.4,,0.4,0.6,,30.0,10.0,0.3,0.5,3.0,3.0
167,138.0,182,0.0,1.0,2008-0028-005-15,,150,50,textile,0,mono,fragment,tabby,linen,linen,no,no,S,S,medium,medium,,,,0.3,0.5,"0,4",0.4,0.6,"0,5",20.0,8.0,0.4,0.5,2.5,2.5
168,,185,0.0,1.0,2008-0037-009-01,,180,300,funeral_shroud,0,mono,fragment,basket,linen,linen,no,no,,,medium,medium,,,,0.2,0.5,,0.2,0.5,,9.0,7.0,0.35,0.35,1.29,1.29
169,,185,0.0,1.0,2008-0037-009-02,,640,38,n_band,0,mono,fragment,basket,linen,linen,no,no,,,medium,medium,,,,0.4,0.5,,0.4,0.5,,10.0,8.0,0.45,0.45,1.25,1.25
170,139.0,185,0.0,1.0,2008-0037-009-03,,100,50,m_band,0,mono,fragment,,linen,linen,no,no,S,S,medium,uneven,,,,0.3,0.5,,0.5,0.6,"0,55",28.0,14.0,0.4,0.55,2.0,2.0
171,140.0,185,0.0,1.0,2008-0037-009-04,,120,25,n_band,0,mono,fragment,,linen,linen,no,no,S,S,loose,medium,,,,0.2,0.5,,0.5,0.8,,42.0,7.0,0.35,0.65,6.0,6.0
172,141.0,185,0.0,1.0,2008-0037-009-05,,200,20,n_band,0,mono,fragment,,linen,linen,no,no,S,S,medium,medium,,,,0.3,0.6,"0,45",0.3,0.5,"0,4",32.0,10.0,0.45,0.4,3.2,3.2
173,142.0,189,0.0,0.0,2008-0060-001-01,,160,90,funeral_shroud,1,composite,fragment,,linen,linen,no,no,S,S,uneven,medium,,,,0.3,0.4,"0,35",0.4,0.5,"0,45",18.0,10.0,0.35,0.45,1.8,1.8
174,142.0,189,0.0,,2008-0060-001-01,,120,80,funeral_shroud,2,composite,fragment,,linen,linen,no,no,S,S,uneven,medium,,,,0.3,0.4,"0,35",0.4,0.5,"0,45",18.0,10.0,0.35,0.45,1.8,1.8
175,142.0,189,0.0,,2008-0060-001-01,,110,100,funeral_shroud,3,composite,fragment,,linen,linen,no,no,S,S,uneven,medium,,,,0.3,0.4,"0,35",0.4,0.5,"0,45",18.0,10.0,0.35,0.45,1.8,1.8
176,143.0,189,0.0,0.0,2008-0060-001-02,,320,20,n_band,0,mono,fragment,tabby,linen,linen,no,no,S,S,loose,medium,,,,0.4,0.6,"0,5",0.4,0.8,"0,6",14.0,10.0,0.5,0.6,1.4,1.4
177,144.0,189,0.0,0.0,2008-0060-001-03,,75,35,n_band,1,composite,fragment,tabby,linen,linen,no,no,S,S,medium,medium,,,,0.5,0.9,"0,7",0.5,0.9,"0,7",10.0,8.0,0.7,0.7,1.25,1.25
178,144.0,189,0.0,,2008-0060-001-03,,120,35,n_band,2,composite,fragment,tabby,linen,linen,no,no,S,S,medium,medium,,,,0.5,0.9,"0,7",0.5,0.9,"0,7",10.0,8.0,0.7,0.7,1.25,1.25
179,144.0,189,0.0,,2008-0060-001-03,,25,35,n_band,3,composite,fragment,tabby,linen,linen,no,no,S,S,medium,medium,,,,0.5,0.9,"0,7",0.5,0.9,"0,7",10.0,8.0,0.7,0.7,1.25,1.25
180,145.0,189,0.0,0.0,2008-0060-001-04,,100,15,n_band,1,composite,fragment,tabby,linen,linen,no,no,S,S,loose,medium,,,,0.7,1.0,"0,85",0.5,0.8,"0,65",14.0,8.0,0.85,0.65,1.75,1.75
181,145.0,189,0.0,,2008-0060-001-04,,100,15,n_band,2,composite,fragment,tabby,linen,linen,no,no,S,S,loose,medium,,,,0.7,1.0,"0,85",0.5,0.8,"0,65",14.0,8.0,0.85,0.65,1.75,1.75
182,,189,0.0,0.0,2008-0061-001-02,,320,20,n_band,0,mono,fragment,,linen,linen,no,no,S,S,loose,medium,,,,0.4,0.6,,0.4,0.8,,14.0,10.0,0.5,0.6,1.4,1.4
183,,189,0.0,0.0,2008-0061-001-03,,75,35,n_band,1,composite,fragment,,linen,linen,,,S,S,medium,medium,,,,0.5,0.9,,0.5,0.9,,10.0,8.0,0.7,0.7,1.25,1.25
184,,189,0.0,0.0,2008-0061-001-03,,120,35,n_band,2,composite,fragment,,linen,linen,,,S,S,medium,medium,,,,0.5,0.9,,0.5,0.9,,10.0,8.0,0.7,0.7,1.25,1.25
185,,189,0.0,0.0,2008-0061-001-03,,25,35,n_band,3,composite,fragment,,linen,linen,,,S,S,medium,medium,,,,0.5,0.9,,0.5,0.9,,10.0,8.0,0.7,0.7,1.25,1.25
186,,189,0.0,0.0,2008-0061-001-04,,10,15,n_band,1,composite,fragment,,linen,linen,,,S,S,loose,medium,,,,0.7,1.0,,0.5,0.8,,14.0,8.0,0.85,0.65,1.75,1.75
187,,189,0.0,0.0,2008-0061-001-04,,10,15,n_band,2,composite,fragment,,linen,linen,,,S,S,loose,medium,,,,0.7,1.0,,0.5,0.8,,14.0,8.0,0.85,0.65,1.75,1.75
188,146.0,191,0.0,1.0,2008-0040-004,,220,20,n_band,0,mono,fragment,tabby,linen,linen,no,no,S,S,medium,medium,,,,0.3,0.5,"0,4",0.2,0.4,"0,3",32.0,12.0,0.4,0.3,2.67,2.67
189,147.0,191,0.0,1.0,2008-0040-005,,150,70,fabric,0,mono,fragment,tabby,linen,linen,no,no,S,S,uneven,uneven,,,,0.3,0.6,"0,45",0.3,0.6,"0,45",16.0,12.0,0.45,0.45,1.33,1.33
190,148.0,191,0.0,1.0,2008-0040-007,,180,60,m_band,0,mono,fragment,tabby,linen,linen,no,no,S,S,medium,medium,,,,0.4,0.6,"0,5",0.5,0.8,"0,65",16.0,8.0,0.5,0.65,2.0,2.0
191,,191,0.0,1.0,2008-0040-008,,220,200,funeral_shroud,0,mono,fragment,basket,linen,linen,no,no,S,S,medium,medium,,,,0.4,0.5,,0.4,0.5,,15.0,10.0,0.45,0.45,1.5,1.5
192,149.0,193,0.0,0.0,2008-0058-001-01,,55,15,textile,0,mono,fragment,tabby,linen,linen,no,no,S,S,uneven,uneven,,,,0.5,0.8,"0,65",0.5,0.8,"0,65",10.0,8.0,0.65,0.65,1.25,1.25
193,150.0,193,0.0,0.0,2008-0058-001-02,,30,40,textile,0,mono,fragment,tabby,linen,linen,no,no,S,S,medium,medium,,,,0.4,0.6,"0,5",0.4,0.6,"0,5",14.0,14.0,0.5,0.5,1.0,1.0
194,151.0,196-197,0.0,1.0,2008-0049-001-01,,40,190,n_band,0,mono,fragment,tabby,linen,linen,no,no,S,S,medium,medium,,,,0.3,0.4,"0,35",0.4,0.5,"0,45",16.0,9.0,0.35,0.45,1.78,1.78
195,152.0,196-197,0.0,1.0,2008-0049-001-02,,70,30,n_band,0,mono,fragment,tabby,linen,linen,no,no,S,S,medium,medium,,,,0.3,0.5,"0,4",0.3,0.8,"0,55",28.0,10.0,0.4,0.55,2.8,2.8
196,153.0,196-197,0.0,1.0,2008-0049-001-03,,50,50,textile,0,mono,fragment,tabby,linen,linen,no,no,S,S,medium,medium,,,,0.3,0.5,"0,4",0.3,0.8,"0,55",28.0,10.0,0.4,0.55,2.8,2.8
197,154.0,196,3.0,0.0,2008-0070-003-02,,90,90,filling,0,mono,fragment,tabby,linen,linen,no,no,S,S,medium,medium,,,,0.3,0.4,"0,35",0.3,0.4,"0,35",30.0,12.0,0.35,0.35,2.5,2.5
200,157.0,196,3.0,0.0,2008-0070-003-05,,150,90,m_band,0,mono,fragment,tabby,linen,linen,no,no,S,S,loose,loose,,,,0.3,0.5,"0,4",0.4,0.5,"0,45",32.0,8.0,0.4,0.45,4.0,4.0
201,,196,3.0,0.0,2008-0070-003-06,,200,70,m_band,0,mono,fragment,basket,linen,linen,no,no,S,S,medium,medium,,,,0.5,0.6,,0.5,0.6,,10.0,10.0,0.55,0.55,1.0,1.0
202,,196,3.0,0.0,2008-0070-003-07,,200,70,m_band,0,mono,fragment,basket,linen,linen,no,no,S,S,medium,medium,,,,0.2,0.6,,0.2,0.6,,14.0,7.0,0.4,0.4,2.0,2.0
203,158.0,196,3.0,0.0,2008-0070-003-08,,160,60,m_band,0,mono,fragment,tabby,linen,linen,no,no,S,S,medium,loose,,,,0.3,0.5,"0,4",0.4,0.6,"0,5",26.0,9.0,0.4,0.5,2.89,2.89
204,159.0,196,3.0,0.0,2008-0070-003-09,,240,150,w_band,0,mono,fragment,tabby,linen,linen,no,no,S,S,medium,medium,,,,0.3,0.5,"0,4",0.3,0.5,"0,4",22.0,8.0,0.4,0.4,2.75,2.75
205,160.0,196,3.0,0.0,2008-0070-003-10,,220,105,w_band,0,mono,fragment,tabby,linen,linen,no,no,S,S,medium,medium,,,,0.4,0.6,"0,5",0.4,0.5,"0,45",30.0,9.0,0.5,0.45,3.33,3.33
206,161.0,196,3.0,0.0,2008-0070-003-11,,300,130,w_band,0,mono,fragment,tabby,linen,linen,no,no,S,S,medium,medium,,,,0.3,0.5,"0,4",0.3,0.4,"0,35",24.0,12.0,0.4,0.35,2.0,2.0
207,162.0,196,3.0,0.0,2008-0070-003-12,,220,150,textile,1,composite,fragment,basket_weave,linen,linen,no,no,S,S,medium,medium,,,,0.2,0.5,"0,35",0.2,0.5,"0,35",24.0,10.0,0.35,0.35,2.4,2.4
209,162.0,196,3.0,0.0,2008-0070-003-12,,30,50,patch_fabric,3,composite,fragment,tabby,linen,linen,no,no,S,S,medium,medium,,,,0.4,0.5,,0.4,0.5,,18.0,8.0,0.45,0.45,2.25,2.25
210,,196,3.0,0.0,2008-0070-003-13,,70,110,m_band,0,mono,fragment,tabby,linen,linen,no,no,S,S,medium,medium,,,,0.4,0.6,,0.4,0.6,,17.0,9.0,0.5,0.5,1.89,1.89
212,164.0,196,3.0,0.0,2008-0070-003-15,,200,40,m_band,0,mono,fragment,tabby,linen,linen,no,no,S,S,medium,loose,,,,0.2,0.5,"0,35",0.4,0.6,"0,5",32.0,8.0,0.35,0.5,4.0,4.0
214,166.0,196,3.0,0.0,2008-0070-003-17,,120,20,n_band,0,mono,fragment,tabby,linen,linen,no,no,S,S,medium,medium,,,,0.2,0.5,"0,35",0.4,0.7,"0,55",24.0,9.0,0.35,0.55,2.67,2.67
215,167.0,196,3.0,0.0,2008-0070-003-18,,520,165,w_band,0,mono,fragment,tabby,linen,linen,no,no,S,S,medium,medium,,,,0.5,0.6,"0,55",0.3,0.5,"0,4",26.0,9.0,0.55,0.4,2.89,2.89
216,168.0,196,3.0,0.0,2008-0070-003-19,,100,100,w_band,0,mono,fragment,tabby,linen,linen,no,no,S,S,medium,medium,,,,0.4,0.5,"0,45",0.4,0.5,"0,45",32.0,10.0,0.45,0.45,3.2,3.2
217,169.0,196,3.0,0.0,2008-0070-003-20,,160,95,w_band,0,mono,fragment,tabby,linen,linen,no,no,S,S,medium,medium,,,,0.5,0.7,"0,6",0.4,0.5,"0,45",20.0,12.0,0.6,0.45,1.67,1.67
218,170.0,196,3.0,0.0,2008-0070-003-21,,140,70,m_band,0,mono,fragment,tabby,linen,linen,no,no,Z,Z,medium,medium,,,,0.6,1.2,"0,9",0.6,1.2,"0,9",12.0,4.0,0.9,0.9,3.0,3.0
219,,196,3.0,0.0,2008-0070-003-22,,130,70,m_band,0,mono,fragment,basket,linen,linen,no,no,S,S,medium,medium,,,,0.3,0.5,,0.3,0.5,,12.0,10.0,0.4,0.4,1.2,1.2
221,172.0,196,3.0,0.0,2008-0070-003-24,,80,20,n_band,0,mono,fragment,tabby,linen,linen,no,no,S,S,medium,medium,,,,0.4,0.6,"0,5",0.4,0.5,"0,45",24.0,10.0,0.5,0.45,2.4,2.4
223,174.0,196,3.0,0.0,2008-0070-003-26,,145,25,n_band,0,mono,fragment,tabby,linen,linen,no,no,S,S,medium,medium,,,,0.2,0.4,"0,3",0.3,0.4,"0,35",32.0,14.0,0.3,0.35,2.29,2.29
224,,200,3.0,0.0,2008-0118-002,,140,35,n_band,1,composite,fragment,basket,linen,linen,no,no,S,S,medium,medium,,,,0.3,0.4,,0.3,0.4,,10.0,7.0,0.35,0.35,1.43,1.43
225,,200,3.0,0.0,2008-0118-002,,100,35,n_band,2,composite,fragment,basket,linen,linen,no,no,S,S,medium,medium,,,,0.3,0.4,,0.3,0.4,,10.0,7.0,0.35,0.35,1.43,1.43
226,,200,3.0,0.0,2008-0118-002,,50,35,n_band,3,composite,fragment,basket,linen,linen,no,no,S,S,medium,medium,,,,0.3,0.4,,0.3,0.4,,10.0,7.0,0.35,0.35,1.43,1.43
227,,200,3.0,0.0,2008-0118-002,,150,35,n_band,4,composite,fragment,basket,linen,linen,no,no,S,S,medium,medium,,,,0.3,0.4,,0.3,0.4,,10.0,7.0,0.35,0.35,1.43,1.43
228,175.0,200,0.0,1.0,2008-0118-003,,140,70,m_band,0,mono,fragment,tabby,linen,linen,no,no,S,S,medium,medium,,,,0.2,0.5,"0,35",0.4,0.6,"0,5",26.0,10.0,0.35,0.5,2.6,2.6
229,,200,0.0,1.0,2008-0118-005,,180,40,textile,0,mono,fragment,half-basket,linen,linen,no,no,S,S,uneven,uneven,,,,0.8,1.5,,1.2,2.0,,4.0,3.0,1.15,1.6,1.33,1.33
231,177.0,200,0.0,1.0,2008-0118-007,,106,35,n_band,0,mono,fragment,tabby,linen,linen,no,no,S,S,medium,medium,,,,0.3,0.5,"0,4",0.4,0.5,"0,45",30.0,10.0,0.4,0.45,3.0,3.0
232,178.0,200,0.0,1.0,2008-0118-008,,410,20,n_band,1,composite,fragment,tabby,linen,linen,no,no,S,S,medium,medium,,,,0.3,0.6,"0,45",0.4,0.6,"0,5",21.0,7.0,0.45,0.5,3.0,3.0
233,178.0,200,0.0,,2008-0118-008,,140,20,n_band,2,composite,fragment,tabby,linen,linen,no,no,S,S,medium,medium,,,,0.3,0.6,"0,45",0.4,0.6,"0,5",21.0,7.0,0.45,0.5,3.0,3.0
234,179.0,200,0.0,1.0,2008-0118-009,,230,60,m_band,1,composite,fragment,tabby,linen,linen,no,no,S,S,medium,medium,,,,0.3,0.6,"0,45",0.4,0.6,"0,5",32.0,10.0,0.45,0.5,3.2,3.2
235,179.0,200,0.0,,2008-0118-009,,140,60,m_band,2,composite,fragment,tabby,linen,linen,no,no,S,S,medium,medium,,,,0.3,0.6,"0,45",0.4,0.6,"0,5",32.0,10.0,0.45,0.5,3.2,3.2
236,180.0,200,0.0,1.0,2008-0118-010,,100,50,m_band,1,composite,fragment,tabby,linen,linen,no,no,S,S,medium,medium,,,,0.3,0.6,"0,45",0.4,0.5,"0,45",24.0,12.0,0.45,0.45,2.0,2.0
237,180.0,200,0.0,,2008-0118-010,,105,50,m_band,2,composite,fragment,tabby,linen,linen,no,no,S,S,medium,medium,,,,0.3,0.6,"0,45",0.4,0.5,"0,45",24.0,12.0,0.45,0.45,2.0,2.0
238,180.0,200,0.0,,2008-0118-010,,95,50,m_band,3,composite,fragment,tabby,linen,linen,no,no,S,S,medium,medium,,,,0.3,0.6,"0,45",0.4,0.5,"0,45",24.0,12.0,0.45,0.45,2.0,2.0
239,181.0,200,0.0,1.0,2008-0118-011,,150,80,m_band,0,mono,fragment,tabby,linen,linen,no,no,S,S,medium,medium,,,,0.3,0.4,"0,35",0.3,0.4,"0,35",32.0,11.0,0.35,0.35,2.91,2.91
240,182.0,208,1.0,0.0,2008-0102-003-02,,180,45,m_band,0,mono,fragment,tabby,linen,linen,no,no,S,S,medium,loose,,,,0.3,0.6,"0,45",1.0,1.5,"1,25",10.0,6.0,0.45,1.25,1.67,1.67
241,183.0,209,0.0,1.0,2008-0121-004-07,,40,15,textile,0,mono,fragment,tabby,linen,linen,red-brown,red-brown,S,S,medium,medium,,,,0.4,0.8,"0,6",0.4,1.2,"0,8",12.0,6.0,0.6,0.8,2.0,2.0
242,184.0,211,1.0,0.0,2008-0134-001,,150,120,textile,1,composite,fragment,tabby,linen,linen,no,no,S,S,medium,medium,,,,0.3,0.5,"0,4",0.4,0.5,"0,45",22.0,10.0,0.4,0.45,2.2,2.2
243,184.0,211,1.0,,2008-0134-001,,200,180,textile,2,composite,fragment,tabby,linen,linen,no,no,S,S,medium,medium,,,,0.3,0.5,"0,4",0.4,0.5,"0,45",22.0,10.0,0.4,0.45,2.2,2.2
244,185.0,211,1.0,0.0,2008-0134-001-01,,430,440,funeral_shroud,0,mono,fragment,tabby,linen,linen,no,no,S,S,medium,medium,,,,0.4,0.6,"0,5",0.4,0.6,"0,5",17.0,11.0,0.5,0.5,1.55,1.55
245,186.0,211,1.0,0.0,2008-0134-001-02,,600,30,n_band,1,composite,fragment,,linen,linen,no,no,S,S,medium,medium,,,,0.4,0.6,"0,5",0.3,0.6,"0,45",20.0,10.0,0.5,0.45,2.0,2.0
246,186.0,211,1.0,,2008-0134-001-02,,640,30,n_band,2,composite,fragment,,linen,linen,no,no,S,S,medium,medium,,,,0.4,0.6,"0,5",0.3,0.6,"0,45",20.0,10.0,0.5,0.45,2.0,2.0
247,186.0,211,1.0,,2008-0134-001-02,,720,30,n_band,3,composite,fragment,,linen,linen,no,no,S,S,medium,medium,,,,0.4,0.6,"0,5",0.3,0.6,"0,45",20.0,10.0,0.5,0.45,2.0,2.0
248,186.0,211,1.0,,2008-0134-001-02,,440,20,n_band,4,composite,fragment,,linen,linen,no,no,S,S,medium,medium,,,,0.4,0.6,"0,5",0.3,0.6,"0,45",20.0,10.0,0.5,0.45,2.0,2.0
249,186.0,211,1.0,,2008-0134-001-02,,450,20,n_band,5,composite,fragment,,linen,linen,no,no,S,S,medium,medium,,,,0.4,0.6,"0,5",0.3,0.6,"0,45",20.0,10.0,0.5,0.45,2.0,2.0
250,186.0,211,1.0,,2008-0134-001-02,,700,30,n_band,6,composite,fragment,,linen,linen,no,no,S,S,medium,medium,,,,0.4,0.6,"0,5",0.3,0.6,"0,45",20.0,10.0,0.5,0.45,2.0,2.0
251,187.0,211,1.0,0.0,2008-0134-001-03,,480,90,funeral_shroud,0,mono,fragment,,linen,linen,no,no,S,S,medium,medium,,,,0.4,0.6,"0,5",0.3,0.5,"0,4",18.0,12.0,0.5,0.4,1.5,1.5
252,188.0,211,1.0,0.0,2008-0134-001-04,,750,90,m_band,1,composite,fragment,tabby,linen,linen,no,no,S,S,medium,medium,,,,0.4,0.5,"0,45",0.4,0.5,"0,45",17.0,9.0,0.45,0.45,1.89,1.89
253,188.0,211,1.0,,2008-0134-001-04,,400,40,m_band,2,composite,fragment,tabby,linen,linen,no,no,S,S,medium,medium,,,,0.4,0.5,"0,45",0.4,0.5,"0,45",17.0,9.0,0.45,0.45,1.89,1.89
254,188.0,211,1.0,,2008-0134-001-04,,480,40,m_band,3,composite,fragment,tabby,linen,linen,no,no,S,S,medium,medium,,,,0.4,0.5,"0,45",0.4,0.5,"0,45",17.0,9.0,0.45,0.45,1.89,1.89
255,188.0,211,1.0,,2008-0134-001-04,,160,40,m_band,4,composite,fragment,tabby,linen,linen,no,no,S,S,medium,medium,,,,0.4,0.5,"0,45",0.4,0.5,"0,45",17.0,9.0,0.45,0.45,1.89,1.89
256,188.0,211,1.0,,2008-0134-001-04,,120,40,m_band,5,composite,fragment,tabby,linen,linen,no,no,S,S,medium,medium,,,,0.4,0.5,"0,45",0.4,0.5,"0,45",17.0,9.0,0.45,0.45,1.89,1.89
257,188.0,211,1.0,,2008-0134-001-04,,90,40,m_band,6,composite,fragment,tabby,linen,linen,no,no,S,S,medium,medium,,,,0.4,0.5,"0,45",0.4,0.5,"0,45",17.0,9.0,0.45,0.45,1.89,1.89
258,188.0,211,1.0,,2008-0134-001-04,,370,40,m_band,7,composite,fragment,tabby,linen,linen,no,no,S,S,medium,medium,,,,0.4,0.5,"0,45",0.4,0.5,"0,45",17.0,9.0,0.45,0.45,1.89,1.89
259,189.0,211,1.0,0.0,2008-0134-001-05,,940,70,m_band,1,composite,fragment,tabby,linen,linen,no,no,S,S,medium,loose,,,,0.5,0.8,"0,65",0.8,1.0,"0,9",12.0,6.0,0.65,0.9,2.0,2.0
260,189.0,211,1.0,,2008-0134-001-05,,120,70,m_band,2,composite,fragment,tabby,linen,linen,no,no,S,S,medium,loose,,,,0.5,0.8,"0,65",0.8,1.0,"0,9",12.0,6.0,0.65,0.9,2.0,2.0
261,189.0,211,1.0,,2008-0134-001-05,,130,70,m_band,3,composite,fragment,tabby,linen,linen,no,no,S,S,medium,loose,,,,0.5,0.8,"0,65",0.8,1.0,"0,9",12.0,6.0,0.65,0.9,2.0,2.0
262,190.0,211,1.0,0.0,2008-0134-001-06,,660,350,funeral_shroud,1,composite,fragment,tabby,linen,linen,no,no,S,S,medium,medium,,,,0.5,0.8,"0,65",0.8,1.0,"0,9",14.0,10.0,0.65,0.9,1.4,1.4
263,190.0,211,1.0,,2008-0134-001-06,,640,290,funeral_shroud,2,composite,fragment,tabby,linen,linen,no,no,S,S,medium,medium,,,,0.5,0.8,"0,65",0.8,1.0,"0,9",14.0,10.0,0.65,0.9,1.4,1.4
264,191.0,211,1.0,0.0,2008-0134-001-07,,400,400,textile,0,mono,intact,tabby,linen,linen,no,no,S,S,medium,medium,,,,0.3,0.6,"0,45",0.5,0.8,"0,65",14.0,10.0,0.45,0.65,1.4,1.4
265,192.0,211,1.0,0.0,2008-0134-001-08,,480,200,f_strip,1,composite,fragment,tabby,linen,linen,no,no,S,S,medium,medium,,,,0.4,0.6,"0,5",0.6,0.8,"0,7",8.0,5.0,0.5,0.7,1.6,1.6
266,192.0,211,1.0,,2008-0134-001-08,,460,180,f_strip,2,composite,fragment,tabby,linen,linen,no,no,S,S,medium,medium,,,,0.4,0.6,"0,5",0.6,0.8,"0,7",8.0,5.0,0.5,0.7,1.6,1.6
267,193.0,211,1.0,0.0,2008-0134-001-09,,360,260,f_strip,0,mono,fragment,tabby,linen,linen,no,no,S,S,medium,medium,,,,0.3,0.6,"0,45",0.5,0.8,"0,65",14.0,10.0,0.45,0.65,1.4,1.4
268,194.0,211,1.0,0.0,2008-0134-001-10,,190,70,m_band,0,mono,fragment,tabby,linen,linen,no,no,S,S,medium,medium,,,,0.4,0.6,"0,5",0.6,0.8,"0,7",8.0,5.0,0.5,0.7,1.6,1.6
269,195.0,211,1.0,0.0,2008-0134-001-11,,400,400,fabric,0,mono,fragment,tabby,linen,linen,no,no,S,S,medium,medium,,,,0.3,0.6,"0,45",0.5,0.8,"0,65",14.0,10.0,0.45,0.65,1.4,1.4
270,196.0,211,1.0,0.0,2008-0134-001-12,,680,390,fabric,0,mono,fragment,tabby,linen,linen,no,no,S,S,medium,medium,,,,0.3,0.5,"0,4",0.5,0.8,"0,65",14.0,10.0,0.4,0.65,1.4,1.4
271,197.0,211,1.0,0.0,2008-0134-001-13,,350,140,f_strip,1,composite,fragment,tabby,linen,linen,no,no,S,S,medium,medium,,,,0.4,0.6,"0,5",0.5,0.8,"0,65",8.0,6.0,0.5,0.65,1.33,1.33
272,197.0,211,1.0,,2008-0134-001-13,,290,90,f_strip,2,composite,fragment,tabby,linen,linen,no,no,S,S,medium,medium,,,,0.4,0.6,"0,5",0.5,0.8,"0,65",8.0,6.0,0.5,0.65,1.33,1.33
273,198.0,211,1.0,0.0,2008-0134-001-14,,450,790,fabric,0,mono,fragment,tabby,linen,linen,no,no,S,S,medium,medium,,,,0.3,0.5,"0,4",0.5,0.8,"0,65",14.0,10.0,0.4,0.65,1.4,1.4
274,199.0,211,1.0,0.0,2008-0134-001-15,,320,240,fabric,1,composite,fragment,tabby,linen,linen,no,no,S,S,medium,medium,,,,0.3,0.6,"0,45",0.4,0.8,"0,6",8.0,5.0,0.45,0.6,1.6,1.6
275,199.0,211,1.0,,2008-0134-001-15,,320,390,fabric,2,composite,fragment,tabby,linen,linen,no,no,S,S,medium,medium,,,,0.3,0.6,"0,45",0.4,0.8,"0,6",8.0,5.0,0.45,0.6,1.6,1.6
276,200.0,211,1.0,0.0,2008-0134-001-16,,130,120,m_band,1,composite,fragment,tabby,linen,linen,no,no,S,S,medium,medium,,,,0.3,0.6,"0,45",0.4,0.8,"0,6",18.0,10.0,0.45,0.6,1.8,1.8
277,200.0,211,1.0,,2008-0134-001-16,,130,120,m_band,2,composite,fragment,tabby,linen,linen,no,no,S,S,medium,medium,,,,0.3,0.6,"0,45",0.4,0.8,"0,6",18.0,10.0,0.45,0.6,1.8,1.8
278,201.0,211,1.0,0.0,2008-0134-001-17,,860,320,funeral_shroud,0,mono,fragment,tabby,linen,linen,no,no,S,S,medium,medium,,,,0.3,0.6,"0,45",0.5,0.8,"0,65",18.0,11.0,0.45,0.65,1.64,1.64
279,202.0,211,1.0,0.0,2008-0134-001-18,,640,70,m_band,1,composite,fragment,tabby,linen,linen,no,no,S,S,medium,medium,,,,0.4,0.6,,0.5,0.8,"0,65",8.0,5.0,0.5,0.65,1.6,1.6
280,202.0,211,1.0,0.0,2008-0134-001-18,,620,140,m_band,2,composite,fragment,tabby,linen,linen,no,no,S,S,medium,medium,,,,0.4,0.6,,0.5,0.8,,8.0,5.0,0.5,0.65,1.6,1.6
281,202.0,211,1.0,0.0,2008-0134-001-18,,660,40,n_band,3,composite,fragment,tabby,linen,linen,no,no,S,S,medium,medium,,,,0.4,0.6,,0.5,0.8,,8.0,5.0,0.5,0.65,1.6,1.6
282,203.0,211,1.0,0.0,2008-0134-001-19,,320,440,funeral_shroud,0,mono,fragment,tabby,linen,linen,no,no,S,S,medium,medium,,,,0.3,0.6,"0,45",0.3,0.6,"0,45",18.0,10.0,0.45,0.45,1.8,1.8
283,204.0,211,1.0,0.0,2008-0134-001-21,,460,260,textile,0,mono,fragment,tabby,linen,linen,no,no,S,S,medium,medium,,,,0.4,0.6,"0,5",0.4,0.6,"0,5",14.0,12.0,0.5,0.5,1.17,1.17
284,205.0,211,1.0,0.0,2008-0134-001-22,,400,800,funeral_shroud,0,mono,fragment,tabby,linen,linen,no,no,S,S,medium,medium,,,,0.4,0.8,"0,6",0.4,0.8,"0,6",18.0,12.0,0.6,0.6,1.5,1.5
285,206.0,211,1.0,0.0,2008-0134-001-23,,400,900,funeral_shroud,0,mono,fragment,tabby,linen,linen,no,no,S,S,medium,medium,,,,0.5,0.8,"0,65",0.6,1.0,"0,8",14.0,10.0,0.65,0.8,1.4,1.4
286,207.0,211,1.0,0.0,2008-0134-001-27,,450,200,f_strip,0,mono,fragment,tabby,linen,linen,no,no,S,S,medium,medium,,,,0.4,0.6,"0,5",0.5,0.8,"0,65",14.0,10.0,0.5,0.65,1.4,1.4
287,208.0,212,2.0,0.0,2008-0131-003-03,,120,30,n_band,0,mono,fragment,,linen,linen,no,no,S,S,uneven,uneven,,,,0.3,0.5,"0,4",0.4,0.6,"0,5",15.0,12.0,0.4,0.5,1.25,1.25
288,209.0,212,2.0,0.0,2008-0142-002,,400,400,funeral_shroud,0,mono,fragment,tabby,linen,linen,no,no,S,S,loose,loose,,,,0.5,0.6,"0,55",0.5,0.6,"0,55",13.0,8.0,0.55,0.55,1.62,1.62
289,210.0,212,2.0,0.0,2008-0142-003,,400,600,funeral_shroud,0,mono,fragment,tabby,linen,linen,no,no,S,S,loose,loose,,,,0.5,0.6,"0,55",0.5,0.6,"0,55",13.0,9.0,0.55,0.55,1.44,1.44
290,211.0,212,2.0,0.0,2008-0142-004,,700,250,funeral_shroud,0,mono,fragment,tabby,linen,linen,no,no,S,S,medium,medium,,,,0.4,0.6,"0,5",0.3,0.5,"0,4",22.0,18.0,0.5,0.4,1.22,1.22
291,212.0,212,2.0,0.0,2008-0142-005,,100,50,m_band,1,composite,fragment,tabby,linen,linen,no,no,S,S,loose,loose,,,,0.4,0.6,"0,5",0.4,0.6,"0,5",11.0,8.0,0.5,0.5,1.38,1.38
292,212.0,212,2.0,0.0,2008-0142-005,,100,10,n_band,2,composite,fragment,tabby,linen,linen,no,no,S,S,loose,loose,,,,0.4,0.6,"0,5",0.4,0.6,"0,5",11.0,8.0,0.5,0.5,1.38,1.38
293,212.0,212,2.0,0.0,2008-0142-005,,100,15,n_band,3,composite,fragment,tabby,linen,linen,no,no,S,S,loose,loose,,,,0.4,0.6,"0,5",0.4,0.6,"0,5",11.0,8.0,0.5,0.5,1.38,1.38
294,213.0,212,2.0,0.0,2008-0142-006,,220,40,n_band,0,mono,fragment,tabby,linen,linen,no,no,S,S,loose,loose,,,,0.4,0.8,"0,6",0.4,0.8,"0,6",8.0,6.0,0.6,0.6,1.33,1.33
295,214.0,212,2.0,0.0,2008-0142-007,,1300,20,n_band,0,mono,fragment,tabby,linen,linen,no,no,S,S,loose,loose,,,,0.4,0.6,"0,5",0.4,0.6,"0,5",10.0,7.0,0.5,0.5,1.43,1.43
296,215.0,212,2.0,0.0,2008-0142-008,,300,960,funeral_shroud,0,mono,fragment,tabby,linen,linen,no,no,S,S,loose,loose,,,,0.4,0.6,"0,5",0.4,0.6,"0,5",12.0,8.0,0.5,0.5,1.5,1.5
297,216.0,217,1.0,0.0,2008-0138-001-29,,55,30,fabric,1,composite,fragment,,linen,linen,no,no,S,S,medium,loose,,,,0.4,0.6,"0,5",0.3,0.5,"0,4",20.0,12.0,0.5,0.4,1.67,1.67
298,216.0,217,1.0,,2008-0138-001-29,,25,50,fabric,2,composite,fragment,,linen,linen,no,no,S,S,medium,loose,,,,0.4,0.6,"0,5",0.3,0.5,"0,4",20.0,12.0,0.5,0.4,1.67,1.67
299,216.0,217,1.0,,2008-0138-001-29,,35,35,fabric,3,composite,fragment,,linen,linen,no,no,S,S,medium,loose,,,,0.4,0.6,"0,5",0.3,0.5,"0,4",20.0,12.0,0.5,0.4,1.67,1.67
300,217.0,217,0.0,1.0,2008-138-003-01,,120,100,textile,0,mono,sample,tabby,linen,linen,no,no,S,S,medium,medium,,,,0.3,0.5,"0,4",0.4,0.6,"0,5",14.0,10.0,0.4,0.5,1.4,1.4
301,218.0,217,0.0,1.0,2008-138-003-02,,200,25,n_band,1,composite,fragment,tabby,linen,linen,no,no,S,S,medium,medium,,,,0.4,0.6,"0,5",0.3,0.5,"0,4",22.0,14.0,0.5,0.4,1.57,1.57
302,218.0,217,0.0,1.0,2008-138-003-02,,180,25,n_band,2,composite,fragment,tabby,linen,linen,no,no,S,S,medium,medium,,,,0.4,0.6,"0,5",0.3,0.5,"0,4",22.0,14.0,0.5,0.4,1.57,1.57
303,219.0,217,0.0,1.0,2008-138-003-03,,220,20,n_band,1,mono,fragment,tabby,linen,linen,no,no,S,S,medium,medium,,,,0.4,0.6,"0,5",0.3,0.5,"0,4",28.0,14.0,0.5,0.4,2.0,2.0
