,order,grave,add,z,internal_storage,number,warp_size,weft_size,type,item_no,structure,condition,weaving_technique,warp_material,weft_material,warp_dyed,weft_dyed,twist_warp,twist_weft,angle_warp,angle_weft,even (равномерность — фактор),cover factor,selvedge,warp_a,warp_b,warp_thick_mean,weft_a,weft_b,weft_mean,warp_dens,weft_dens,warp_nominal,weft_nominal
0,1.0,80,0.0,0.0,2007-0075-002,,100,110,fabric,0,mono,fragment,tabby,linen,linen,no,no,S,S,medium,medium,,,,0.5,1.0,0.75,0.5,1.0,0.75,13.0,8.0,0.75,0.75
1,2.0,80,0.0,0.0,2007-0075-003,,290,40,n_band,0,mono,fragment,tabby,linen,linen,no,no,S,S,medium,medium,,,,0.3,0.5,0.4,0.6,0.8,0.7,16.0,10.0,0.4,0.7
2,3.0,86,0.0,0.0,2007-0056-003,,140,90,fabric,0,mono,fragment,tabby,linen,linen,no,no,S,I,loose,-,,,,0.5,0.5,0.5,0.1,0.2,0.15,18.0,6.0,0.5,0.15
3,4.0,86,0.0,1.0,2007-0056-004,,300,20,n_band,0,mono,fragment,tabby,linen,linen,no,no,S,S,medium,medium,,,,0.2,0.5,0.35,0.2,0.6,0.4,30.0,9.0,0.35,0.4
4,5.0,87,0.0,1.0,2007-0059-001,,420,20,n_band,0,mono,fragment,tabby,linen,linen,no,no,S,S,medium,medium,,,,0.4,0.6,0.5,0.5,0.6,0.55,24.0,10.0,0.5,0.55
5,6.0,87,0.0,1.0,2007-0059-003,,50,30,fabric,0,mono,fragment,tabby,linen,linen,no,no,S,S,medium,medium,,,,0.4,0.6,0.5,0.5,0.5,0.5,24.0,10.0,0.5,0.5
6,7.0,87,0.0,1.0,2007-0059-004,,60,90,fabric,0,mono,fragment,tabby,linen,linen,no,no,S,S,loose,loose,,,,0.5,0.6,0.55,0.5,0.6,0.55,11.0,7.0,0.55,0.55
7,8.0,88,0.0,0.0,2007-0034-001,,90,60,m_band,0,mono,fragment,tabby,linen,linen,no,no,S,S,medium,medium,,,,0.5,0.8,0.65,0.5,0.8,0.65,22.0,12.0,0.65,0.65
8,9.0,88,0.0,0.0,2007-0034-002,,120,50,m_band,0,mono,fragment,tabby,linen,linen,no,no,S,S,medium,loose,,,,0.6,0.8,0.7,0.6,1.0,0.8,13.0,8.0,0.7,0.8
9,10.0,88,0.0,0.0,2007-0034-003,,100,100,m_band,0,mono,fragment,tabby,linen,linen,no,no,S,S,medium,medium,,,,0.5,0.6,0.55,0.6,1.0,0.8,12.0,8.0,0.55,0.8
10,11.0,88,0.0,0.0,2007-0034-004,,550,40,n_band,0,mono,fragment,tabby,linen,linen,no,no,S,S,medium,loose,,,,0.8,1.2,1.0,0.8,1.0,0.9,12.0,8.0,1.0,0.9
11,12.0,88,0.0,0.0,2007-0034-005,,400,40,m_band,0,mono,fragment,tabby,linen,linen,no,no,S,S,medium,uneven,,,,0.5,1.0,0.75,0.4,1.0,0.7,12.0,9.0,0.75,0.7
12,13.0,93,0.0,0.0,2007-0082-001,,60,300,m_band,1,composite,fragment,tabby,linen,linen,no,no,S,S,medium,uneven,,,,0.5,1.0,0.75,0.4,1.0,0.7,14.0,10.0,0.75,0.7
13,13.0,93,0.0,0.0,2007-0082-001,,60,800,m_band,2,composite,fragment,tabby,linen,linen,no,no,S,S,medium,uneven,,,,0.5,1.0,0.75,0.4,1.0,0.7,14.0,10.0,0.75,0.7
15,15.0,93,0.0,0.0,2007-0082-003,,550,40,n_band,0,mono,fragment,tabby,linen,linen,no,no,S,S,medium,loose,,,,0.8,1.2,1.0,0.8,1.0,0.9,12.0,8.0,1.0,0.9
17,17.0,95,0.0,1.0,2007-0038-004,,310,90,m_band,0,mono,fragment,tabby,linen,linen,no,no,S,S,medium,loose,,,,0.5,0.8,0.65,0.5,0.8,0.65,15.0,8.0,0.65,0.65
18,18.0,95,0.0,1.0,2007-0050-001,,310,90,m_band,0,mono,fragment,tabby,linen,linen,no,no,S,S,medium,loose,,,,0.6,0.8,0.7,0.5,0.8,0.65,14.0,7.0,0.7,0.65
19,19.0,95,0.0,1.0,2007-0050-005,,70,80,m_band,0,mono,fragment,tabby,linen,linen,no,no,S,S,medium,medium,,,,0.4,0.6,0.5,0.4,0.6,0.5,26.0,10.0,0.5,0.5
20,20.0,95,0.0,1.0,2007-0050-006,,260,30,n_band,0,mono,fragment,tabby,linen,linen,no,no,S,S,loose,uneven,,,,0.3,0.6,0.45,0.3,0.6,0.45,24.0,9.0,0.45,0.45
21,21.0,95,0.0,1.0,2007-0050-007,,370,40,n_band,0,mono,fragment,tabby,linen,linen,no,no,S,S,loose,medium,,,,0.5,0.8,0.65,0.2,0.5,0.35,28.0,10.0,0.65,0.35
22,22.0,95,0.0,1.0,2007-0050-010,,100,90,fabric,0,mono,fragment,tabby,linen,linen,no,no,S,I,medium,-,,,,0.5,1.3,0.9,1.0,2.0,1.5,10.0,5.0,0.9,1.5
24,24.0,95,0.0,1.0,2007-0050-012,,200,130,w_band,0,mono,fragment,tabby,linen,linen,no,no,S,S,medium,medium,,,,0.45,0.5,0.48,0.4,0.5,0.45,34.0,12.0,0.48,0.45
25,25.0,97,0.0,0.0,2007-0084-001,,70,80,fabric,0,mono,fragment,tabby,linen,linen,no,no,S,S,loose,loose,,,,0.5,0.6,0.55,0.5,0.6,0.55,24.0,12.0,0.55,0.55
26,26.0,97,0.0,0.0,2007-0084-002,,90,80,fabric,0,mono,fragment,tabby,linen,linen,no,no,S,S,loose,loose,,,,0.5,0.8,0.65,0.5,0.8,0.65,14.0,10.0,0.65,0.65
27,27.0,97,0.0,0.0,2007-0084-003,,70,12,fabric,0,mono,fragment,tabby,linen,linen,no,no,S,S,uneven,loose,,,,0.5,0.8,0.65,0.6,1.2,0.9,10.0,7.0,0.65,0.9
28,28.0,107,0.0,0.0,2007-0040,,110,70,fabric,0,mono,fragment,tabby,linen,linen,no,no,S,S,uneven,loose,,,,0.5,0.8,0.65,0.6,1.0,0.8,12.0,8.0,0.65,0.8
29,29.0,108,0.0,0.0,2007-0047-001,,120,110,w_band,0,mono,fragment,tabby,linen,linen,no,no,S,S,medium,medium,,,,0.3,0.6,0.45,0.7,0.8,0.75,16.0,12.0,0.45,0.75
31,31.0,126,0.0,1.0,2007- 0077-001,,720,20,n_band,0,mono,fragment,tabby,linen,linen,no,no,S,S,loose,loose,,,,0.5,1.0,0.75,0.8,1.0,0.9,13.0,8.0,0.75,0.9
32,32.0,126,0.0,1.0,2007- 0077-004,,120,80,m_band,0,mono,fragment,tabby,linen,linen,no,no,S,S,loose,loose,,,,0.2,0.5,0.35,0.4,0.6,0.5,24.0,10.0,0.35,0.5
33,33.0,126,0.0,1.0,2007- 0077-005,,130,60,fabric,0,mono,fragment,tabby,linen,linen,light,light,S,S,uneven,loose,,,,0.2,0.5,0.35,0.4,0.5,0.45,23.0,12.0,0.35,0.45
34,34.0,133,0.0,0.0,2010- 0001-001,,200,260,sewn_ item,1,composite,fragment,basket,linen,linen,no,no,S,S,medium,medium,,,,0.5,0.6,0.55,0.5,0.6,0.55,12.0,8.0,0.55,0.55
36,35.0,133,0.0,0.0,2010- 0001-002,,140,45,band,1,composite,fragment,tabby,linen,linen,no,no,S,S,medium,medium,,,,0.6,0.8,0.7,0.6,1.0,0.8,12.0,10.0,0.7,0.8
39,38.0,133,0.0,0.0,2008-0036-001-02,,60,30,n_band,0,mono,fragment,tabby,linen,linen,no,no,S,S,medium,medium,,,,0.4,0.5,0.45,0.4,0.5,0.45,24.0,10.0,0.45,0.45
41,40.0,133,0.0,0.0,2008-0036-001-04,,20,20,fabric,0,mono,fragment,tabby,linen,linen,no,no,S,S,medium,medium,,,,0.3,0.5,0.4,0.3,0.5,0.4,24.0,10.0,0.4,0.4
42,41.0,133,0.0,0.0,2008-0036-001-05,,15,20,fabric,0,mono,fragment,tabby,linen,linen,no,no,S,S,medium,medium,,,,0.3,0.5,0.4,0.3,0.5,0.4,22.0,12.0,0.4,0.4
46,43.0,133,0.0,0.0,2008-0036-001-08,,20,40,fabric,0,mono,fragment,tabby,linen,linen,no,no,S,S,medium,medium,,,,0.3,0.4,0.35,0.3,0.4,0.35,32.0,12.0,0.35,0.35
48,46.0,133,0.0,0.0,2008-0036-002,,230,130,fabric,2,composite,fragment,tabby,linen,linen,no,no,S,S,medium,medium,,,,0.2,0.3,0.25,0.3,0.4,0.35,12.0,10.0,0.25,0.35
49,47.0,137,0.0,0.0,2007-0039-001,,130,130,m_band,0,mono,fragment,tabby,linen,linen,no,no,S,S,medium,medium,,,,0.5,0.6,0.55,0.5,0.6,0.55,17.0,10.0,0.55,0.55
50,48.0,137,0.0,0.0,2007-0039-002,,160,130,fabric,0,mono,fragment,tabby,linen,linen,light,light,S,S,uneven,loose,,,,0.5,0.6,0.55,0.5,0.8,0.65,18.0,9.0,0.55,0.65
51,49.0,137,0.0,0.0,2007-0039-003,,240,40,n_band,0,mono,fragment,tabby,linen,linen,no,no,S,S,loose,medium,,,,0.5,0.8,0.65,0.4,0.8,0.6,28.0,9.0,0.65,0.6
52,50.0,140,2.0,0.0,2007-0041-001,,150,90,m_band,0,mono,fragment,tabby,linen,linen,no,no,S,S,loose,loose,,,,0.4,0.5,0.45,0.5,0.6,0.55,28.0,12.0,0.45,0.55
53,51.0,140,2.0,0.0,2007-0041-002,,280,130,w_band,0,mono,fragment,tabby,linen,linen,no,no,S,S,uneven,medium,,,,0.4,0.6,0.5,0.5,0.8,0.65,18.0,7.0,0.5,0.65
54,52.0,140,2.0,0.0,2007-0041-003,,240,90,m_band,0,mono,fragment,tabby,linen,linen,no,no,S,S,loose,medium,,,,0.2,0.6,0.4,0.3,0.5,0.4,24.0,13.0,0.4,0.4
55,53.0,140,2.0,0.0,2007-0041-004,,170,150,w_band,0,mono,fragment,tabby,linen,linen,no,no,S,S,uneven,medium,,,,0.3,0.3,0.3,0.3,0.5,0.4,25.0,10.0,0.3,0.4
56,54.0,140,2.0,0.0,2007-0041-005,,380,130,w_band,0,mono,fragment,tabby,linen,linen,no,no,S,S,medium,medium,,,,0.4,0.6,0.5,0.4,0.6,0.5,24.0,8.0,0.5,0.5
57,55.0,140,2.0,0.0,2007-0041-006,,200,60,m_band,1,composite,fragment,tabby,linen,linen,no,no,S,S,uneven,uneven,,,,0.3,0.6,0.45,0.3,0.6,0.45,26.0,10.0,0.45,0.45
58,55.0,140,2.0,0.0,2007-0041-006,,200,60,m_band,2,composite,fragment,tabby,linen,linen,no,no,S,S,uneven,uneven,,,,0.3,0.6,0.45,0.3,0.6,0.45,26.0,10.0,0.45,0.45
59,56.0,140,2.0,0.0,2007-0041-007,,140,280,w_band,0,mono,fragment,tabby,linen,linen,no,no,S,S,medium,medium,,,,0.2,0.6,0.4,0.2,0.4,0.3,20.0,12.0,0.4,0.3
60,57.0,140-148,0.0,0.0,2007-0058-001,,170,60,m_band,0,mono,fragment,tabby,linen,linen,no,no,S,S,medium,medium,,,,0.2,0.6,0.4,0.4,0.5,0.45,24.0,9.0,0.4,0.45
61,58.0,140-148,0.0,0.0,2007-0058-002,,200,80,m_band,0,mono,fragment,tabby,linen,linen,no,no,S,S,medium,medium,,,,0.2,0.5,0.35,0.4,0.5,0.45,26.0,10.0,0.35,0.45
62,59.0,144,0.0,1.0,2007-0054-003,,180,110,w_band,0,mono,fragment,tabby,linen,linen,no,no,S,S,uneven,loose,,,,0.2,0.6,0.4,0.2,0.8,0.5,26.0,12.0,0.4,0.5
63,60.0,144,0.0,1.0,2007-0054-004,,150,30,m_band,1,composite,fragment,tabby,linen,linen,no,no,S,I,medium,-,,,,0.5,0.6,0.55,0.5,0.7,0.6,16.0,8.0,0.55,0.6
64,60.0,144,0.0,1.0,2007-0054-004,,100,50,m_band,2,composite,fragment,tabby,linen,linen,no,no,S,I,medium,-,,,,0.5,0.6,0.55,0.5,0.7,0.6,16.0,8.0,0.55,0.6
65,61.0,144,0.0,1.0,2007-0054-005,,90,60,m_band,0,mono,fragment,tabby,linen,linen,no,no,S,S,loose,uneven,,,,0.8,1.5,1.15,0.6,0.8,0.7,18.0,6.0,1.15,0.7
66,62.0,144,0.0,1.0,2007-0054-006,,440,40,n_band,0,mono,fragment,tabby,linen,linen,no,no,S,S,medium,loose,,,,0.4,0.6,0.5,0.5,0.6,0.55,34.0,8.0,0.5,0.55
67,63.0,144,1.0,1.0,2007-0054-007,,150,80,m_band,0,mono,fragment,tabby,linen,linen,no,no,S,S,medium,medium,,,,0.2,0.5,0.35,0.4,0.8,0.6,20.0,8.0,0.35,0.6
69,65.0,159,1.0,0.0,2008-0001-002-01,,110,200,funeral_shroud,1,composite,fragment,tabby,linen,linen,no,no,S,S,loose,medium,,,,0.4,0.6,0.5,0.4,0.6,0.5,17.0,7.0,0.5,0.5
71,67.0,159,1.0,0.0,2008-0001-003-01,,170,60,m_band,0,mono,fragment,tabby,linen,linen,no,no,S,S,medium,medium,,,,0.2,0.4,0.3,0.4,0.6,0.5,32.0,10.0,0.3,0.5
72,68.0,159,0.0,1.0,2008-001-003-04,,400,180,fabric,1,composite,fragment,tabby,linen,linen,no,no,S,S,loose,loose,,,,0.5,0.6,0.55,0.6,0.8,0.7,18.0,9.0,0.55,0.7
74,70.0,159,0.0,1.0,2008-001-003-04,,220,360,fabric,3,composite,fragment,tabby,linen,linen,no,no,S,S,loose,loose,,,,0.5,0.6,0.55,0.6,8.0,4.3,30.0,8.0,0.55,4.3
76,72.0,159,0.0,1.0,2008-001-003-05,,130,50,fabric,2,composite,fragment,tabby,linen,linen,no,no,S,S,uneven,uneven,,,,0.4,0.6,0.5,0.4,0.6,0.5,16.0,12.0,0.5,0.5
78,74.0,159,0.0,1.0,2008-0001-004-05,,30,85,fabric,1,composite,fragment,tabby,linen,linen,no,no,S,S,medium,medium,,,,0.2,0.3,0.25,0.2,0.3,0.25,18.0,13.0,0.25,0.25
79,75.0,159,0.0,1.0,2008-0001-004-05,,25,85,fabric,2,composite,fragment,tabby,linen,linen,no,no,S,S,uneven,uneven,,,,0.2,0.6,0.4,0.2,0.6,0.4,16.0,12.0,0.4,0.4
80,76.0,159,1.0,0.0,2008-004-01,,110,85,fabric,0,mono,fragment,tabby,linen,linen,no,no,S,S,loose,loose,,,,0.4,0.6,0.5,0.3,0.5,0.4,16.0,11.0,0.5,0.4
81,77.0,160,1.0,0.0,2008-002-02,,300,1220,fabric,0,mono,fragment,tabby,linen,linen,no,no,S,S,uneven,loose,,,,0.2,0.7,0.45,0.4,0.5,0.45,10.0,8.0,0.45,0.45
83,79.0,"160, 165-167",0.0,0.0,2008-002-010-02,,130,35,n_band,0,mono,fragment,tabby,linen,linen,no,no,S,S,loose,loose,,,,0.2,0.6,0.4,0.3,0.5,0.4,15.0,12.0,0.4,0.4
84,80.0,"160, 165-167",0.0,0.0,2008-002-010-05,,1250,25,n_band,0,mono,fragment,tabby,linen,linen,no,no,S,S,loose,loose,,,,0.4,0.5,0.45,0.3,0.4,0.35,32.0,11.0,0.45,0.35
85,81.0,"160, 165-167",0.0,0.0,2008-002-010-08,,240,150,fabric,0,mono,fragment,tabby,linen,linen,no,no,S,S,loose,loose,,,,0.4,0.6,0.5,0.3,0.5,0.4,32.0,12.0,0.5,0.4
86,82.0,161,1.0,0.0,2008-005-001-01,,630,30,n_band,1,composite,fragment,tabby,linen,linen,no,no,S,S,medium,medium,,,,0.3,0.5,0.4,0.5,0.6,0.55,13.0,9.0,0.4,0.55
87,82.0,161,1.0,0.0,2008-005-001-01,,420,30,n_band,2,composite,fragment,tabby,linen,linen,no,no,S,S,medium,medium,,,,0.3,0.5,0.4,0.5,0.6,0.55,13.0,9.0,0.4,0.55
88,82.0,161,1.0,0.0,2008-005-001-01,,380,25,n_band,3,composite,fragment,tabby,linen,linen,no,no,S,S,medium,medium,,,,0.3,0.5,0.4,0.5,0.6,0.55,13.0,9.0,0.4,0.55
89,83.0,161,1.0,0.0,2008-005-001-02,,130,30,textile,0,mono,fragment,tabby,linen,linen,no,no,S,S,medium,medium,,,,0.2,0.6,0.4,0.5,0.7,0.6,12.0,8.0,0.4,0.6
90,84.0,162,0.0,1.0,2008-006-007-01,,150,75,m_band,0,mono,fragment,tabby,linen,linen,no,no,S,S,medium,medium,,,,0.2,0.3,0.25,0.2,0.3,0.25,30.0,10.0,0.25,0.25
91,85.0,162,0.0,1.0,2008-006-007-02,,80,85,nakladka,0,mono,intact,tabby,linen,linen,no,no,S,S,medium,medium,,,,0.2,0.3,0.25,0.3,0.4,0.35,26.0,13.0,0.25,0.35
92,86.0,162,0.0,1.0,2008-006-007-03,,70,130,textile,0,mono,fragment,tabby,linen,linen,no,no,S,S,medium,medium,,,,0.2,0.3,0.25,0.3,0.4,0.35,26.0,13.0,0.25,0.35
93,87.0,162,0.0,1.0,2008-006-007-04,,110,30,n_band,0,mono,fragment,tabby,linen,linen,no,no,S,S,medium,medium,,,,0.2,0.3,0.25,0.2,0.3,0.25,30.0,10.0,0.25,0.25
94,88.0,162,0.0,1.0,2008-006-007-06,,30,180,n_band,0,mono,fragment,tabby,linen,linen,no,no,S,S,medium,medium,,,,0.2,0.3,0.25,0.2,0.3,0.25,28.0,10.0,0.25,0.25
95,89.0,163,0.0,1.0,2008-008-001-01-5,,45,230,m_band,0,mono,fragment,tabby,linen,linen,no,no,S,S,medium,medium,,,,0.3,0.4,0.35,0.3,0.4,0.35,24.0,10.0,0.35,0.35
96,90.0,163,0.0,1.0,2008-008-001-03-2,,310,920,funeral_shroud,1,composite,fragment,tabby,linen,linen,no,no,S,S,medium,medium,,,,0.5,0.6,0.55,0.5,0.6,0.55,10.0,7.0,0.55,0.55
97,90.0,163,0.0,1.0,2008-008-001-03-2,,80,50,funeral_shroud,2,composite,fragment,tabby,linen,linen,no,no,S,S,medium,medium,,,,0.2,0.3,0.25,0.2,0.3,0.25,20.0,10.0,0.25,0.25
103,92.0,163,0.0,1.0,2008-008-04,,300,820,funeral_shroud,0,mono,fragment,tabby,linen,linen,no,no,S,S,medium,medium,,,,0.4,0.6,0.5,0.4,0.6,0.5,16.0,10.0,0.5,0.5
104,93.0,163,0.0,1.0,2008-008-06,,2100,26,n_band,0,mono,fragment,tabby,linen,linen,no,no,S,S,medium,medium,,,,0.4,0.5,0.45,0.3,0.4,0.35,28.0,10.0,0.45,0.35
105,94.0,163,0.0,1.0,2008-008-07,,100,100,m_band,0,mono,fragment,tabby,linen,linen,no,no,S,S,medium,medium,,,,0.2,0.3,0.25,0.3,0.4,0.35,20.0,10.0,0.25,0.35
107,96.0,169,0.0,1.0,2008-0011-001-01,,50,10,n_band,0,mono,fragment,tabby,linen,linen,no,no,S,S,medium,medium,,,,0.3,0.5,0.4,0.2,0.3,0.25,28.0,5.0,0.4,0.25
108,97.0,172,0.0,1.0,2008-0013-002-04,,230,120,fabric,0,mono,fragment,tabby,linen,linen,no,no,S,S,medium,medium,,,,0.3,0.6,0.45,0.3,0.6,0.45,19.0,12.0,0.45,0.45
109,98.0,173,0.0,1.0,2008-0031-003-01,,270,25,n_band,0,mono,fragment,tabby,linen,linen,no,no,S,S,medium,medium,,,,0.6,0.8,0.7,0.6,0.8,0.7,12.0,10.0,0.7,0.7
111,100.0,173,0.0,1.0,2008-0031-003-03,,360,45,m_band,0,mono,fragment,tabby,linen,linen,no,no,S,S,medium,medium,,,,0.6,0.8,0.7,0.6,0.8,0.7,12.0,10.0,0.7,0.7
117,106.0,173,0.0,1.0,2008-0031-003-09,,80,50,m_band,0,mono,fragment,tabby,linen,linen,no,no,S,S,medium,medium,,,,0.6,1.2,0.9,1.0,1.4,1.2,20.0,8.0,0.9,1.2
118,107.0,173,0.0,1.0,2008-0031-003-10,,70,55,textile,0,mono,fragment,tabby,linen,linen,no,no,S,S,medium,loose,,,,0.5,0.8,0.65,1.5,2.5,2.0,12.0,5.0,0.65,2.0
120,109.0,173,0.0,1.0,2008-0031-003-12,,160,20,n_band,0,mono,fragment,tabby,linen,linen,no,no,S,S,medium,medium,,,,0.3,0.8,0.55,0.3,0.6,0.45,30.0,12.0,0.55,0.45
121,110.0,173,0.0,1.0,2008-0031-003-13,,100,20,n_band,2,composite,fragment,tabby,linen,linen,no,no,S,S,medium,medium,,,,0.3,0.5,0.4,0.5,0.6,0.55,20.0,5.0,0.4,0.55
122,111.0,173,0.0,1.0,2008-0031-003-14,,100,60,textile,0,mono,fragment,tabby,linen,linen,no,no,S,S,medium,medium,,,,0.6,0.8,0.7,0.4,0.6,0.5,14.0,4.0,0.7,0.5
123,112.0,173,0.0,1.0,2008-0031-003-15,,150,110,textile,0,mono,fragment,tabby,linen,linen,no,no,S,S,medium,medium,,,,0.6,0.8,0.7,0.4,0.6,0.5,14.0,4.0,0.7,0.5
125,114.0,175,0.0,1.0,2008-0024-003-01,,200,210,funeral_shroud,0,mono,fragment,tabby,linen,linen,no,no,S,S,medium,medium,,,,0.4,0.6,0.5,0.4,0.6,0.5,34.0,12.0,0.5,0.5
126,115.0,175,0.0,1.0,2008-0024-003-02,,75,75,textile,1,composite,fragment,tabby,linen,linen,no,no,S,S,medium,medium,,,,0.5,0.8,0.65,0.5,0.8,0.65,16.0,10.0,0.65,0.65
127,115.0,175,0.0,1.0,2008-0024-003-02,,90,20,textile,2,composite,fragment,tabby,linen,linen,no,no,S,S,medium,medium,,,,0.5,0.8,0.65,0.5,0.8,0.65,16.0,10.0,0.65,0.65
128,116.0,175,0.0,1.0,2008-0024-003-03,,70,230,funeral_shroud,1,composite,fragment,tabby,linen,linen,no,no,S,S,medium,medium,,,,0.4,0.6,0.5,0.4,0.6,0.5,16.0,7.0,0.5,0.5
129,116.0,175,0.0,1.0,2008-0024-003-03,,350,200,funeral_shroud,2,composite,fragment,tabby,linen,linen,no,no,S,S,medium,medium,,,,0.4,0.6,0.5,0.4,0.6,0.5,16.0,7.0,0.5,0.5
130,117.0,175,0.0,1.0,2008-0024-003-04,,100,140,nakladka,1,composite,fragment,tabby,linen,linen,no,no,S,S,medium,medium,,,,0.4,0.6,0.5,0.4,0.7,0.55,16.0,7.0,0.5,0.55
131,117.0,175,0.0,1.0,2008-0024-003-04,,350,55,m_band,2,composite,fragment,tabby,linen,linen,no,no,S,S,medium,medium,,,,0.4,0.6,0.5,0.4,0.7,0.55,16.0,7.0,0.5,0.55
132,118.0,176,0.0,0.0,2008-0032-005,,1230,60,funeral_shroud,0,mono,fragment,tabby,linen,linen,no,no,S,S,uneven,medium,,,,0.2,0.5,0.35,0.2,0.3,0.25,32.0,12.0,0.35,0.25
133,119.0,179,0.0,0.0,2008-0042-001-01,,20,450,n_band,0,mono,fragment,tabby,linen,linen,no,no,S,S,loose,loose,,,,0.3,0.6,0.45,0.5,0.7,0.6,16.0,8.0,0.45,0.6
134,120.0,179,0.0,0.0,2008-0042-001-05,,180,250,textile,0,mono,fragment,tabby,linen,linen,no,no,S,S,medium,loose,,,,0.3,0.4,0.35,0.5,0.6,0.55,22.0,13.0,0.35,0.55
135,121.0,179,0.0,0.0,2008-0042-001-06,,200,300,funeral_shroud,0,mono,fragment,tabby,linen,linen,no,no,S,S,loose,loose,,,,0.5,0.8,0.65,0.4,0.6,0.5,13.0,8.0,0.65,0.5
136,,181-183,,,2008-0028-010-02,,200,30,n_band,0,mono,fragment,basket,linen,linen,,,S,S,uneven,uneven,,,,0.2,0.3,0.25,0.2,0.3,0.25,10.0,8.0,0.25,0.25
137,,181-183,,,2008-0028-010-03,,120,38,textile,0,mono,fragment,basket,linen,linen,,,S,S,uneven,uneven,,,,0.3,0.4,0.35,0.3,0.4,0.35,14.0,9.0,0.35,0.35
138,122.0,181-183,0.0,1.0,2008-0028-010-01,,250,35,n_band,0,mono,fragment,,linen,linen,no,no,S,S,loose,uneven,,,,0.3,0.4,0.35,0.2,0.6,0.4,22.0,9.0,0.35,0.4
139,123.0,181-183,0.0,1.0,2008-0028-010-04,,110,65,m_band,0,mono,fragment,,linen,linen,no,no,S,S,loose,loose,,,,0.4,0.6,0.5,0.3,0.5,0.4,20.0,12.0,0.5,0.4
140,124.0,182,0.0,1.0,2008-0028-005-01,,860,30,n_band,0,mono,fragment,,linen,linen,no,no,S,S,medium,medium,,,,0.2,0.4,0.3,0.4,0.6,0.5,30.0,10.0,0.3,0.5
141,125.0,182,0.0,1.0,2008-0028-005-02,,1100,25,n_band,0,mono,fragment,,linen,linen,no,no,S,S,medium,medium,,,,0.2,0.4,0.3,0.4,0.6,0.5,32.0,10.0,0.3,0.5
142,126.0,182,0.0,1.0,2008-0028-005-03,,100,100,f_overlay,0,mono,fragment,,linen,linen,no,no,S,S,loose,loose,,,,0.2,0.5,0.35,0.2,0.5,0.35,26.0,9.0,0.35,0.35
143,127.0,182,0.0,1.0,2008-0028-005-04,,20,200,m_band,1,composite,fragment,tabby,linen,linen,no,no,S,S,medium,medium,,,,0.2,0.4,0.3,0.4,0.6,0.5,30.0,8.0,0.3,0.5
144,127.0,182,0.0,,2008-0028-005-04,,200,80,m_band,2,composite,fragment,tabby,linen,linen,no,no,S,S,medium,medium,,,,0.2,0.4,0.3,0.4,0.6,0.5,30.0,8.0,0.3,0.5
145,128.0,182,0.0,1.0,2008-0028-005-05,,50,20,n_band,1,composite,fragment,tabby,linen,linen,no,no,S,S,loose,medium,,,,0.3,0.6,0.45,0.5,0.8,0.65,28.0,8.0,0.45,0.65
146,128.0,182,0.0,,2008-0028-005-05,,80,20,n_band,2,composite,fragment,tabby,linen,linen,no,no,S,S,loose,medium,,,,0.3,0.6,0.45,0.5,0.8,0.65,28.0,8.0,0.45,0.65
147,128.0,182,0.0,,2008-0028-005-05,,40,20,n_band,3,composite,fragment,tabby,linen,linen,no,no,S,S,loose,medium,,,,0.3,0.6,0.45,0.5,0.8,0.65,28.0,8.0,0.45,0.65
148,128.0,182,0.0,,2008-0028-005-05,,20,20,n_band,4,composite,fragment,tabby,linen,linen,no,no,S,S,loose,medium,,,,0.3,0.6,0.45,0.5,0.8,0.65,28.0,8.0,0.45,0.65
149,129.0,182,0.0,1.0,2008-0028-005-06,,100,20,n_band,0,mono,fragment,tabby,linen,linen,no,no,S,S,loose,medium,,,,0.3,0.6,0.45,0.5,0.6,0.55,22.0,9.0,0.45,0.55
150,130.0,182,0.0,1.0,2008-0028-005-07,,60,20,n_band,0,mono,fragment,basket,linen,linen,no,no,S,S,medium,medium,,,,0.4,0.6,0.5,0.4,0.6,0.5,12.0,6.0,0.5,0.5
151,131.0,182,0.0,1.0,2008-0028-005-08,,220,120,w_band,1,composite,fragment,tabby,linen,linen,no,no,S,S,medium,medium,,,,0.3,0.5,0.4,0.3,0.4,0.35,24.0,10.0,0.4,0.35
152,131.0,182,0.0,,2008-0028-005-08,,130,100,w_band,2,composite,fragment,tabby,linen,linen,no,no,S,S,medium,medium,,,,0.3,0.5,0.4,0.3,0.4,0.35,24.0,10.0,0.4,0.35
153,132.0,182,0.0,1.0,2008-0028-005-09,,150,50,m_band,1,composite,fragment,tabby,linen,linen,no,no,S,S,uneven,medium,,,,0.4,0.6,0.5,0.3,0.6,0.45,28.0,9.0,0.5,0.45
154,132.0,182,0.0,,2008-0028-005-09,,150,80,m_band,2,composite,fragment,tabby,linen,linen,no,no,S,S,uneven,medium,,,,0.4,0.6,0.5,0.3,0.6,0.45,28.0,9.0,0.5,0.45
155,132.0,182,0.0,,2008-0028-005-09,,60,55,m_band,3,composite,fragment,tabby,linen,linen,no,no,S,S,uneven,medium,,,,0.4,0.6,0.5,0.3,0.6,0.45,28.0,9.0,0.5,0.45
156,132.0,182,0.0,,2008-0028-005-09,,70,60,m_band,4,composite,fragment,tabby,linen,linen,no,no,S,S,uneven,medium,,,,0.4,0.6,0.5,0.3,0.6,0.45,28.0,9.0,0.5,0.45
157,132.0,182,0.0,,2008-0028-005-09,,50,50,m_band,5,composite,fragment,tabby,linen,linen,no,no,S,S,uneven,medium,,,,0.4,0.6,0.5,0.3,0.6,0.45,28.0,9.0,0.5,0.45
158,133.0,182,0.0,1.0,2008-0028-005-10,,140,20,n_band,1,composite,fragment,tabby,linen,linen,no,no,S,S,loose,medium,,,,0.3,0.6,0.45,0.5,0.8,0.65,28.0,8.0,0.45,0.65
159,133.0,182,0.0,,2008-0028-005-10,,160,20,n_band,2,composite,fragment,tabby,linen,linen,no,no,S,S,loose,medium,,,,0.3,0.6,0.45,0.5,0.8,0.65,28.0,8.0,0.45,0.65
160,133.0,182,0.0,,2008-0028-005-10,,70,20,n_band,3,composite,fragment,tabby,linen,linen,no,no,S,S,loose,medium,,,,0.3,0.6,0.45,0.5,0.8,0.65,28.0,8.0,0.45,0.65
161,134.0,182,0.0,1.0,2008-0028-005-11,,940,20,n_band,0,mono,fragment,,linen,linen,no,no,S,S,loose,medium,,,,0.2,0.4,0.3,0.4,0.6,0.5,30.0,12.0,0.3,0.5
162,135.0,182,0.0,1.0,2008-0028-005-12,,250,130,f_strip,0,mono,fragment,,linen,linen,no,no,S,S,medium,loose,,,,0.4,0.5,0.45,0.3,0.6,0.45,20.0,8.0,0.45,0.45
163,136.0,182,0.0,1.0,2008-0028-005-13,,300,100,w_band,1,composite,fragment,,linen,linen,no,no,S,S,loose,medium,,,,0.2,0.4,0.3,0.4,0.6,0.5,30.0,10.0,0.3,0.5
164,136.0,182,0.0,,2008-0028-005-13,,400,20,n_band,2,composite,fragment,,linen,linen,no,no,S,S,loose,medium,,,,0.2,0.4,0.3,0.4,0.6,0.5,30.0,10.0,0.3,0.5
166,138.0,182,0.0,1.0,2008-0028-005-15,,150,50,textile,0,mono,fragment,tabby,linen,linen,no,no,S,S,medium,medium,,,,0.3,0.5,0.4,0.4,0.6,0.5,20.0,8.0,0.4,0.5
167,,185,0.0,1.0,2008-0037-009-01,,180,300,funeral_shroud,0,mono,fragment,basket,linen,linen,no,no,,,medium,medium,,,,0.2,0.5,0.35,0.2,0.5,0.35,9.0,7.0,0.35,0.35
168,,185,0.0,1.0,2008-0037-009-02,,640,38,n_band,0,mono,fragment,basket,linen,linen,no,no,,,medium,medium,,,,0.4,0.5,0.45,0.4,0.5,0.45,10.0,8.0,0.45,0.45
171,141.0,185,0.0,1.0,2008-0037-009-05,,200,20,n_band,0,mono,fragment,,linen,linen,no,no,S,S,medium,medium,,,,0.3,0.6,0.45,0.3,0.5,0.4,32.0,10.0,0.45,0.4
172,142.0,189,0.0,0.0,2008-0060-001-01,,160,90,funeral_shroud,1,composite,fragment,,linen,linen,no,no,S,S,uneven,medium,,,,0.3,0.4,0.35,0.4,0.5,0.45,18.0,10.0,0.35,0.45
173,142.0,189,0.0,,2008-0060-001-01,,120,80,funeral_shroud,2,composite,fragment,,linen,linen,no,no,S,S,uneven,medium,,,,0.3,0.4,0.35,0.4,0.5,0.45,18.0,10.0,0.35,0.45
174,142.0,189,0.0,,2008-0060-001-01,,110,100,funeral_shroud,3,composite,fragment,,linen,linen,no,no,S,S,uneven,medium,,,,0.3,0.4,0.35,0.4,0.5,0.45,18.0,10.0,0.35,0.45
175,143.0,189,0.0,0.0,2008-0060-001-02,,320,20,n_band,0,mono,fragment,tabby,linen,linen,no,no,S,S,loose,medium,,,,0.4,0.6,0.5,0.4,0.8,0.6,14.0,10.0,0.5,0.6
176,144.0,189,0.0,0.0,2008-0060-001-03,,75,35,n_band,1,composite,fragment,tabby,linen,linen,no,no,S,S,medium,medium,,,,0.5,0.9,0.7,0.5,0.9,0.7,10.0,8.0,0.7,0.7
177,144.0,189,0.0,,2008-0060-001-03,,120,35,n_band,2,composite,fragment,tabby,linen,linen,no,no,S,S,medium,medium,,,,0.5,0.9,0.7,0.5,0.9,0.7,10.0,8.0,0.7,0.7
178,144.0,189,0.0,,2008-0060-001-03,,25,35,n_band,3,composite,fragment,tabby,linen,linen,no,no,S,S,medium,medium,,,,0.5,0.9,0.7,0.5,0.9,0.7,10.0,8.0,0.7,0.7
179,145.0,189,0.0,0.0,2008-0060-001-04,,100,15,n_band,1,composite,fragment,tabby,linen,linen,no,no,S,S,loose,medium,,,,0.7,1.0,0.85,0.5,0.8,0.65,14.0,8.0,0.85,0.65
180,145.0,189,0.0,,2008-0060-001-04,,100,15,n_band,2,composite,fragment,tabby,linen,linen,no,no,S,S,loose,medium,,,,0.7,1.0,0.85,0.5,0.8,0.65,14.0,8.0,0.85,0.65
181,,189,0.0,0.0,2008-0061-001-02,,320,20,n_band,0,mono,fragment,,linen,linen,no,no,S,S,loose,medium,,,,0.4,0.6,0.5,0.4,0.8,0.6,14.0,10.0,0.5,0.6
182,,189,0.0,0.0,2008-0061-001-03,,75,35,n_band,1,composite,fragment,,linen,linen,,,S,S,medium,medium,,,,0.5,0.9,0.7,0.5,0.9,0.7,10.0,8.0,0.7,0.7
183,,189,0.0,0.0,2008-0061-001-03,,120,35,n_band,2,composite,fragment,,linen,linen,,,S,S,medium,medium,,,,0.5,0.9,0.7,0.5,0.9,0.7,10.0,8.0,0.7,0.7
184,,189,0.0,0.0,2008-0061-001-03,,25,35,n_band,3,composite,fragment,,linen,linen,,,S,S,medium,medium,,,,0.5,0.9,0.7,0.5,0.9,0.7,10.0,8.0,0.7,0.7
185,,189,0.0,0.0,2008-0061-001-04,,10,15,n_band,1,composite,fragment,,linen,linen,,,S,S,loose,medium,,,,0.7,1.0,0.85,0.5,0.8,0.65,14.0,8.0,0.85,0.65
186,,189,0.0,0.0,2008-0061-001-04,,10,15,n_band,2,composite,fragment,,linen,linen,,,S,S,loose,medium,,,,0.7,1.0,0.85,0.5,0.8,0.65,14.0,8.0,0.85,0.65
187,146.0,191,0.0,1.0,2008-0040-004,,220,20,n_band,0,mono,fragment,tabby,linen,linen,no,no,S,S,medium,medium,,,,0.3,0.5,0.4,0.2,0.4,0.3,32.0,12.0,0.4,0.3
188,147.0,191,0.0,1.0,2008-0040-005,,150,70,fabric,0,mono,fragment,tabby,linen,linen,no,no,S,S,uneven,uneven,,,,0.3,0.6,0.45,0.3,0.6,0.45,16.0,12.0,0.45,0.45
189,148.0,191,0.0,1.0,2008-0040-007,,180,60,m_band,0,mono,fragment,tabby,linen,linen,no,no,S,S,medium,medium,,,,0.4,0.6,0.5,0.5,0.8,0.65,16.0,8.0,0.5,0.65
190,,191,0.0,1.0,2008-0040-008,,220,200,funeral_shroud,0,mono,fragment,basket,linen,linen,no,no,S,S,medium,medium,,,,0.4,0.5,0.45,0.4,0.5,0.45,15.0,10.0,0.45,0.45
191,149.0,193,0.0,0.0,2008-0058-001-01,,55,15,textile,0,mono,fragment,tabby,linen,linen,no,no,S,S,uneven,uneven,,,,0.5,0.8,0.65,0.5,0.8,0.65,10.0,8.0,0.65,0.65
193,151.0,196-197,0.0,1.0,2008-0049-001-01,,40,190,n_band,0,mono,fragment,tabby,linen,linen,no,no,S,S,medium,medium,,,,0.3,0.4,0.35,0.4,0.5,0.45,16.0,9.0,0.35,0.45
194,152.0,196-197,0.0,1.0,2008-0049-001-02,,70,30,n_band,0,mono,fragment,tabby,linen,linen,no,no,S,S,medium,medium,,,,0.3,0.5,0.4,0.3,0.8,0.55,28.0,10.0,0.4,0.55
195,153.0,196-197,0.0,1.0,2008-0049-001-03,,50,50,textile,0,mono,fragment,tabby,linen,linen,no,no,S,S,medium,medium,,,,0.3,0.5,0.4,0.3,0.8,0.55,28.0,10.0,0.4,0.55
196,154.0,196,3.0,0.0,2008-0070-003-02,,90,90,filling,0,mono,fragment,tabby,linen,linen,no,no,S,S,medium,medium,,,,0.3,0.4,0.35,0.3,0.4,0.35,30.0,12.0,0.35,0.35
197,155.0,196,3.0,0.0,2008-0070-003-03,,110,20,w_band,0,mono,fragment,tabby,linen,linen,no,no,S,S,loose,medium,,,,0.2,0.3,0.25,0.3,0.4,0.35,26.0,12.0,0.25,0.35
199,157.0,196,3.0,0.0,2008-0070-003-05,,150,90,m_band,0,mono,fragment,tabby,linen,linen,no,no,S,S,loose,loose,,,,0.3,0.5,0.4,0.4,0.5,0.45,32.0,8.0,0.4,0.45
200,,196,3.0,0.0,2008-0070-003-06,,200,70,m_band,0,mono,fragment,basket,linen,linen,no,no,S,S,medium,medium,,,,0.5,0.6,0.55,0.5,0.6,0.55,10.0,10.0,0.55,0.55
201,,196,3.0,0.0,2008-0070-003-07,,200,70,m_band,0,mono,fragment,basket,linen,linen,no,no,S,S,medium,medium,,,,0.2,0.6,0.4,0.2,0.6,0.4,14.0,7.0,0.4,0.4
202,158.0,196,3.0,0.0,2008-0070-003-08,,160,60,m_band,0,mono,fragment,tabby,linen,linen,no,no,S,S,medium,loose,,,,0.3,0.5,0.4,0.4,0.6,0.5,26.0,9.0,0.4,0.5
203,159.0,196,3.0,0.0,2008-0070-003-09,,240,150,w_band,0,mono,fragment,tabby,linen,linen,no,no,S,S,medium,medium,,,,0.3,0.5,0.4,0.3,0.5,0.4,22.0,8.0,0.4,0.4
204,160.0,196,3.0,0.0,2008-0070-003-10,,220,105,w_band,0,mono,fragment,tabby,linen,linen,no,no,S,S,medium,medium,,,,0.4,0.6,0.5,0.4,0.5,0.45,30.0,9.0,0.5,0.45
205,161.0,196,3.0,0.0,2008-0070-003-11,,300,130,w_band,0,mono,fragment,tabby,linen,linen,no,no,S,S,medium,medium,,,,0.3,0.5,0.4,0.3,0.4,0.35,24.0,12.0,0.4,0.35
206,162.0,196,3.0,0.0,2008-0070-003-12,,220,150,textile,1,composite,fragment,basket_weave,linen,linen,no,no,S,S,medium,medium,,,,0.2,0.5,0.35,0.2,0.5,0.35,24.0,10.0,0.35,0.35
208,162.0,196,3.0,0.0,2008-0070-003-12,,30,50,patch_fabric,3,composite,fragment,tabby,linen,linen,no,no,S,S,medium,medium,,,,0.4,0.5,0.45,0.4,0.5,0.45,18.0,8.0,0.45,0.45
209,,196,3.0,0.0,2008-0070-003-13,,70,110,m_band,0,mono,fragment,tabby,linen,linen,no,no,S,S,medium,medium,,,,0.4,0.6,0.5,0.4,0.6,0.5,17.0,9.0,0.5,0.5
211,164.0,196,3.0,0.0,2008-0070-003-15,,200,40,m_band,0,mono,fragment,tabby,linen,linen,no,no,S,S,medium,loose,,,,0.2,0.5,0.35,0.4,0.6,0.5,32.0,8.0,0.35,0.5
213,166.0,196,3.0,0.0,2008-0070-003-17,,120,20,n_band,0,mono,fragment,tabby,linen,linen,no,no,S,S,medium,medium,,,,0.2,0.5,0.35,0.4,0.7,0.55,24.0,9.0,0.35,0.55
214,167.0,196,3.0,0.0,2008-0070-003-18,,520,165,w_band,0,mono,fragment,tabby,linen,linen,no,no,S,S,medium,medium,,,,0.5,0.6,0.55,0.3,0.5,0.4,26.0,9.0,0.55,0.4
215,168.0,196,3.0,0.0,2008-0070-003-19,,100,100,w_band,0,mono,fragment,tabby,linen,linen,no,no,S,S,medium,medium,,,,0.4,0.5,0.45,0.4,0.5,0.45,32.0,10.0,0.45,0.45
216,169.0,196,3.0,0.0,2008-0070-003-20,,160,95,w_band,0,mono,fragment,tabby,linen,linen,no,no,S,S,medium,medium,,,,0.5,0.7,0.6,0.4,0.5,0.45,20.0,12.0,0.6,0.45
217,170.0,196,3.0,0.0,2008-0070-003-21,,140,70,m_band,0,mono,fragment,tabby,linen,linen,no,no,Z,Z,medium,medium,,,,0.6,1.2,0.9,0.6,1.2,0.9,12.0,4.0,0.9,0.9
218,,196,3.0,0.0,2008-0070-003-22,,130,70,m_band,0,mono,fragment,basket,linen,linen,no,no,S,S,medium,medium,,,,0.3,0.5,0.4,0.3,0.5,0.4,12.0,10.0,0.4,0.4
220,172.0,196,3.0,0.0,2008-0070-003-24,,80,20,n_band,0,mono,fragment,tabby,linen,linen,no,no,S,S,medium,medium,,,,0.4,0.6,0.5,0.4,0.5,0.45,24.0,10.0,0.5,0.45
223,,200,3.0,0.0,2008-0118-002,,140,35,n_band,1,composite,fragment,basket,linen,linen,no,no,S,S,medium,medium,,,,0.3,0.4,0.35,0.3,0.4,0.35,10.0,7.0,0.35,0.35
224,,200,3.0,0.0,2008-0118-002,,100,35,n_band,2,composite,fragment,basket,linen,linen,no,no,S,S,medium,medium,,,,0.3,0.4,0.35,0.3,0.4,0.35,10.0,7.0,0.35,0.35
225,,200,3.0,0.0,2008-0118-002,,50,35,n_band,3,composite,fragment,basket,linen,linen,no,no,S,S,medium,medium,,,,0.3,0.4,0.35,0.3,0.4,0.35,10.0,7.0,0.35,0.35
226,,200,3.0,0.0,2008-0118-002,,150,35,n_band,4,composite,fragment,basket,linen,linen,no,no,S,S,medium,medium,,,,0.3,0.4,0.35,0.3,0.4,0.35,10.0,7.0,0.35,0.35
227,175.0,200,0.0,1.0,2008-0118-003,,140,70,m_band,0,mono,fragment,tabby,linen,linen,no,no,S,S,medium,medium,,,,0.2,0.5,0.35,0.4,0.6,0.5,26.0,10.0,0.35,0.5
228,,200,0.0,1.0,2008-0118-005,,180,40,textile,0,mono,fragment,half-basket,linen,linen,no,no,S,S,uneven,uneven,,,,0.8,1.5,1.15,1.2,2.0,1.6,4.0,3.0,1.15,1.6
230,177.0,200,0.0,1.0,2008-0118-007,,106,35,n_band,0,mono,fragment,tabby,linen,linen,no,no,S,S,medium,medium,,,,0.3,0.5,0.4,0.4,0.5,0.45,30.0,10.0,0.4,0.45
231,178.0,200,0.0,1.0,2008-0118-008,,410,20,n_band,1,composite,fragment,tabby,linen,linen,no,no,S,S,medium,medium,,,,0.3,0.6,0.45,0.4,0.6,0.5,21.0,7.0,0.45,0.5
232,178.0,200,0.0,,2008-0118-008,,140,20,n_band,2,composite,fragment,tabby,linen,linen,no,no,S,S,medium,medium,,,,0.3,0.6,0.45,0.4,0.6,0.5,21.0,7.0,0.45,0.5
233,179.0,200,0.0,1.0,2008-0118-009,,230,60,m_band,1,composite,fragment,tabby,linen,linen,no,no,S,S,medium,medium,,,,0.3,0.6,0.45,0.4,0.6,0.5,32.0,10.0,0.45,0.5
234,179.0,200,0.0,,2008-0118-009,,140,60,m_band,2,composite,fragment,tabby,linen,linen,no,no,S,S,medium,medium,,,,0.3,0.6,0.45,0.4,0.6,0.5,32.0,10.0,0.45,0.5
235,180.0,200,0.0,1.0,2008-0118-010,,100,50,m_band,1,composite,fragment,tabby,linen,linen,no,no,S,S,medium,medium,,,,0.3,0.6,0.45,0.4,0.5,0.45,24.0,12.0,0.45,0.45
236,180.0,200,0.0,,2008-0118-010,,105,50,m_band,2,composite,fragment,tabby,linen,linen,no,no,S,S,medium,medium,,,,0.3,0.6,0.45,0.4,0.5,0.45,24.0,12.0,0.45,0.45
237,180.0,200,0.0,,2008-0118-010,,95,50,m_band,3,composite,fragment,tabby,linen,linen,no,no,S,S,medium,medium,,,,0.3,0.6,0.45,0.4,0.5,0.45,24.0,12.0,0.45,0.45
238,181.0,200,0.0,1.0,2008-0118-011,,150,80,m_band,0,mono,fragment,tabby,linen,linen,no,no,S,S,medium,medium,,,,0.3,0.4,0.35,0.3,0.4,0.35,32.0,11.0,0.35,0.35
239,182.0,208,1.0,0.0,2008-0102-003-02,,180,45,m_band,0,mono,fragment,tabby,linen,linen,no,no,S,S,medium,loose,,,,0.3,0.6,0.45,1.0,1.5,1.25,10.0,6.0,0.45,1.25
240,183.0,209,0.0,1.0,2008-0121-004-07,,40,15,textile,0,mono,fragment,tabby,linen,linen,red-brown,red-brown,S,S,medium,medium,,,,0.4,0.8,0.6,0.4,1.2,0.8,12.0,6.0,0.6,0.8
241,184.0,211,1.0,0.0,2008-0134-001,,150,120,textile,1,composite,fragment,tabby,linen,linen,no,no,S,S,medium,medium,,,,0.3,0.5,0.4,0.4,0.5,0.45,22.0,10.0,0.4,0.45
242,184.0,211,1.0,,2008-0134-001,,200,180,textile,2,composite,fragment,tabby,linen,linen,no,no,S,S,medium,medium,,,,0.3,0.5,0.4,0.4,0.5,0.45,22.0,10.0,0.4,0.45
243,185.0,211,1.0,0.0,2008-0134-001-01,,430,440,funeral_shroud,0,mono,fragment,tabby,linen,linen,no,no,S,S,medium,medium,,,,0.4,0.6,0.5,0.4,0.6,0.5,17.0,11.0,0.5,0.5
244,186.0,211,1.0,0.0,2008-0134-001-02,,600,30,n_band,1,composite,fragment,,linen,linen,no,no,S,S,medium,medium,,,,0.4,0.6,0.5,0.3,0.6,0.45,20.0,10.0,0.5,0.45
245,186.0,211,1.0,,2008-0134-001-02,,640,30,n_band,2,composite,fragment,,linen,linen,no,no,S,S,medium,medium,,,,0.4,0.6,0.5,0.3,0.6,0.45,20.0,10.0,0.5,0.45
246,186.0,211,1.0,,2008-0134-001-02,,720,30,n_band,3,composite,fragment,,linen,linen,no,no,S,S,medium,medium,,,,0.4,0.6,0.5,0.3,0.6,0.45,20.0,10.0,0.5,0.45
247,186.0,211,1.0,,2008-0134-001-02,,440,20,n_band,4,composite,fragment,,linen,linen,no,no,S,S,medium,medium,,,,0.4,0.6,0.5,0.3,0.6,0.45,20.0,10.0,0.5,0.45
248,186.0,211,1.0,,2008-0134-001-02,,450,20,n_band,5,composite,fragment,,linen,linen,no,no,S,S,medium,medium,,,,0.4,0.6,0.5,0.3,0.6,0.45,20.0,10.0,0.5,0.45
249,186.0,211,1.0,,2008-0134-001-02,,700,30,n_band,6,composite,fragment,,linen,linen,no,no,S,S,medium,medium,,,,0.4,0.6,0.5,0.3,0.6,0.45,20.0,10.0,0.5,0.45
250,187.0,211,1.0,0.0,2008-0134-001-03,,480,90,funeral_shroud,0,mono,fragment,,linen,linen,no,no,S,S,medium,medium,,,,0.4,0.6,0.5,0.3,0.5,0.4,18.0,12.0,0.5,0.4
251,188.0,211,1.0,0.0,2008-0134-001-04,,750,90,m_band,1,composite,fragment,tabby,linen,linen,no,no,S,S,medium,medium,,,,0.4,0.5,0.45,0.4,0.5,0.45,17.0,9.0,0.45,0.45
252,188.0,211,1.0,,2008-0134-001-04,,400,40,m_band,2,composite,fragment,tabby,linen,linen,no,no,S,S,medium,medium,,,,0.4,0.5,0.45,0.4,0.5,0.45,17.0,9.0,0.45,0.45
253,188.0,211,1.0,,2008-0134-001-04,,480,40,m_band,3,composite,fragment,tabby,linen,linen,no,no,S,S,medium,medium,,,,0.4,0.5,0.45,0.4,0.5,0.45,17.0,9.0,0.45,0.45
254,188.0,211,1.0,,2008-0134-001-04,,160,40,m_band,4,composite,fragment,tabby,linen,linen,no,no,S,S,medium,medium,,,,0.4,0.5,0.45,0.4,0.5,0.45,17.0,9.0,0.45,0.45
255,188.0,211,1.0,,2008-0134-001-04,,120,40,m_band,5,composite,fragment,tabby,linen,linen,no,no,S,S,medium,medium,,,,0.4,0.5,0.45,0.4,0.5,0.45,17.0,9.0,0.45,0.45
256,188.0,211,1.0,,2008-0134-001-04,,90,40,m_band,6,composite,fragment,tabby,linen,linen,no,no,S,S,medium,medium,,,,0.4,0.5,0.45,0.4,0.5,0.45,17.0,9.0,0.45,0.45
257,188.0,211,1.0,,2008-0134-001-04,,370,40,m_band,7,composite,fragment,tabby,linen,linen,no,no,S,S,medium,medium,,,,0.4,0.5,0.45,0.4,0.5,0.45,17.0,9.0,0.45,0.45
258,189.0,211,1.0,0.0,2008-0134-001-05,,940,70,m_band,1,composite,fragment,tabby,linen,linen,no,no,S,S,medium,loose,,,,0.5,0.8,0.65,0.8,1.0,0.9,12.0,6.0,0.65,0.9
259,189.0,211,1.0,,2008-0134-001-05,,120,70,m_band,2,composite,fragment,tabby,linen,linen,no,no,S,S,medium,loose,,,,0.5,0.8,0.65,0.8,1.0,0.9,12.0,6.0,0.65,0.9
260,189.0,211,1.0,,2008-0134-001-05,,130,70,m_band,3,composite,fragment,tabby,linen,linen,no,no,S,S,medium,loose,,,,0.5,0.8,0.65,0.8,1.0,0.9,12.0,6.0,0.65,0.9
261,190.0,211,1.0,0.0,2008-0134-001-06,,660,350,funeral_shroud,1,composite,fragment,tabby,linen,linen,no,no,S,S,medium,medium,,,,0.5,0.8,0.65,0.8,1.0,0.9,14.0,10.0,0.65,0.9
262,190.0,211,1.0,,2008-0134-001-06,,640,290,funeral_shroud,2,composite,fragment,tabby,linen,linen,no,no,S,S,medium,medium,,,,0.5,0.8,0.65,0.8,1.0,0.9,14.0,10.0,0.65,0.9
263,191.0,211,1.0,0.0,2008-0134-001-07,,400,400,textile,0,mono,intact,tabby,linen,linen,no,no,S,S,medium,medium,,,,0.3,0.6,0.45,0.5,0.8,0.65,14.0,10.0,0.45,0.65
264,192.0,211,1.0,0.0,2008-0134-001-08,,480,200,f_strip,1,composite,fragment,tabby,linen,linen,no,no,S,S,medium,medium,,,,0.4,0.6,0.5,0.6,0.8,0.7,8.0,5.0,0.5,0.7
265,192.0,211,1.0,,2008-0134-001-08,,460,180,f_strip,2,composite,fragment,tabby,linen,linen,no,no,S,S,medium,medium,,,,0.4,0.6,0.5,0.6,0.8,0.7,8.0,5.0,0.5,0.7
266,193.0,211,1.0,0.0,2008-0134-001-09,,360,260,f_strip,0,mono,fragment,tabby,linen,linen,no,no,S,S,medium,medium,,,,0.3,0.6,0.45,0.5,0.8,0.65,14.0,10.0,0.45,0.65
267,194.0,211,1.0,0.0,2008-0134-001-10,,190,70,m_band,0,mono,fragment,tabby,linen,linen,no,no,S,S,medium,medium,,,,0.4,0.6,0.5,0.6,0.8,0.7,8.0,5.0,0.5,0.7
268,195.0,211,1.0,0.0,2008-0134-001-11,,400,400,fabric,0,mono,fragment,tabby,linen,linen,no,no,S,S,medium,medium,,,,0.3,0.6,0.45,0.5,0.8,0.65,14.0,10.0,0.45,0.65
269,196.0,211,1.0,0.0,2008-0134-001-12,,680,390,fabric,0,mono,fragment,tabby,linen,linen,no,no,S,S,medium,medium,,,,0.3,0.5,0.4,0.5,0.8,0.65,14.0,10.0,0.4,0.65
270,197.0,211,1.0,0.0,2008-0134-001-13,,350,140,f_strip,1,composite,fragment,tabby,linen,linen,no,no,S,S,medium,medium,,,,0.4,0.6,0.5,0.5,0.8,0.65,8.0,6.0,0.5,0.65
271,197.0,211,1.0,,2008-0134-001-13,,290,90,f_strip,2,composite,fragment,tabby,linen,linen,no,no,S,S,medium,medium,,,,0.4,0.6,0.5,0.5,0.8,0.65,8.0,6.0,0.5,0.65
272,198.0,211,1.0,0.0,2008-0134-001-14,,450,790,fabric,0,mono,fragment,tabby,linen,linen,no,no,S,S,medium,medium,,,,0.3,0.5,0.4,0.5,0.8,0.65,14.0,10.0,0.4,0.65
273,199.0,211,1.0,0.0,2008-0134-001-15,,320,240,fabric,1,composite,fragment,tabby,linen,linen,no,no,S,S,medium,medium,,,,0.3,0.6,0.45,0.4,0.8,0.6,8.0,5.0,0.45,0.6
274,199.0,211,1.0,,2008-0134-001-15,,320,390,fabric,2,composite,fragment,tabby,linen,linen,no,no,S,S,medium,medium,,,,0.3,0.6,0.45,0.4,0.8,0.6,8.0,5.0,0.45,0.6
275,200.0,211,1.0,0.0,2008-0134-001-16,,130,120,m_band,1,composite,fragment,tabby,linen,linen,no,no,S,S,medium,medium,,,,0.3,0.6,0.45,0.4,0.8,0.6,18.0,10.0,0.45,0.6
276,200.0,211,1.0,,2008-0134-001-16,,130,120,m_band,2,composite,fragment,tabby,linen,linen,no,no,S,S,medium,medium,,,,0.3,0.6,0.45,0.4,0.8,0.6,18.0,10.0,0.45,0.6
277,201.0,211,1.0,0.0,2008-0134-001-17,,860,320,funeral_shroud,0,mono,fragment,tabby,linen,linen,no,no,S,S,medium,medium,,,,0.3,0.6,0.45,0.5,0.8,0.65,18.0,11.0,0.45,0.65
278,202.0,211,1.0,0.0,2008-0134-001-18,,640,70,m_band,1,composite,fragment,tabby,linen,linen,no,no,S,S,medium,medium,,,,0.4,0.6,0.5,0.5,0.8,0.65,8.0,5.0,0.5,0.65
279,202.0,211,1.0,0.0,2008-0134-001-18,,620,140,m_band,2,composite,fragment,tabby,linen,linen,no,no,S,S,medium,medium,,,,0.4,0.6,0.5,0.5,0.8,0.65,8.0,5.0,0.5,0.65
280,202.0,211,1.0,0.0,2008-0134-001-18,,660,40,n_band,3,composite,fragment,tabby,linen,linen,no,no,S,S,medium,medium,,,,0.4,0.6,0.5,0.5,0.8,0.65,8.0,5.0,0.5,0.65
281,203.0,211,1.0,0.0,2008-0134-001-19,,320,440,funeral_shroud,0,mono,fragment,tabby,linen,linen,no,no,S,S,medium,medium,,,,0.3,0.6,0.45,0.3,0.6,0.45,18.0,10.0,0.45,0.45
282,204.0,211,1.0,0.0,2008-0134-001-21,,460,260,textile,0,mono,fragment,tabby,linen,linen,no,no,S,S,medium,medium,,,,0.4,0.6,0.5,0.4,0.6,0.5,14.0,12.0,0.5,0.5
283,205.0,211,1.0,0.0,2008-0134-001-22,,400,800,funeral_shroud,0,mono,fragment,tabby,linen,linen,no,no,S,S,medium,medium,,,,0.4,0.8,0.6,0.4,0.8,0.6,18.0,12.0,0.6,0.6
284,206.0,211,1.0,0.0,2008-0134-001-23,,400,900,funeral_shroud,0,mono,fragment,tabby,linen,linen,no,no,S,S,medium,medium,,,,0.5,0.8,0.65,0.6,1.0,0.8,14.0,10.0,0.65,0.8
285,207.0,211,1.0,0.0,2008-0134-001-27,,450,200,f_strip,0,mono,fragment,tabby,linen,linen,no,no,S,S,medium,medium,,,,0.4,0.6,0.5,0.5,0.8,0.65,14.0,10.0,0.5,0.65
286,208.0,212,2.0,0.0,2008-0131-003-03,,120,30,n_band,0,mono,fragment,,linen,linen,no,no,S,S,uneven,uneven,,,,0.3,0.5,0.4,0.4,0.6,0.5,15.0,12.0,0.4,0.5
287,209.0,212,2.0,0.0,2008-0142-002,,400,400,funeral_shroud,0,mono,fragment,tabby,linen,linen,no,no,S,S,loose,loose,,,,0.5,0.6,0.55,0.5,0.6,0.55,13.0,8.0,0.55,0.55
288,210.0,212,2.0,0.0,2008-0142-003,,400,600,funeral_shroud,0,mono,fragment,tabby,linen,linen,no,no,S,S,loose,loose,,,,0.5,0.6,0.55,0.5,0.6,0.55,13.0,9.0,0.55,0.55
290,212.0,212,2.0,0.0,2008-0142-005,,100,50,m_band,1,composite,fragment,tabby,linen,linen,no,no,S,S,loose,loose,,,,0.4,0.6,0.5,0.4,0.6,0.5,11.0,8.0,0.5,0.5
291,212.0,212,2.0,0.0,2008-0142-005,,100,10,n_band,2,composite,fragment,tabby,linen,linen,no,no,S,S,loose,loose,,,,0.4,0.6,0.5,0.4,0.6,0.5,11.0,8.0,0.5,0.5
292,212.0,212,2.0,0.0,2008-0142-005,,100,15,n_band,3,composite,fragment,tabby,linen,linen,no,no,S,S,loose,loose,,,,0.4,0.6,0.5,0.4,0.6,0.5,11.0,8.0,0.5,0.5
293,213.0,212,2.0,0.0,2008-0142-006,,220,40,n_band,0,mono,fragment,tabby,linen,linen,no,no,S,S,loose,loose,,,,0.4,0.8,0.6,0.4,0.8,0.6,8.0,6.0,0.6,0.6
294,214.0,212,2.0,0.0,2008-0142-007,,1300,20,n_band,0,mono,fragment,tabby,linen,linen,no,no,S,S,loose,loose,,,,0.4,0.6,0.5,0.4,0.6,0.5,10.0,7.0,0.5,0.5
295,215.0,212,2.0,0.0,2008-0142-008,,300,960,funeral_shroud,0,mono,fragment,tabby,linen,linen,no,no,S,S,loose,loose,,,,0.4,0.6,0.5,0.4,0.6,0.5,12.0,8.0,0.5,0.5
296,216.0,217,1.0,0.0,2008-0138-001-29,,55,30,fabric,1,composite,fragment,,linen,linen,no,no,S,S,medium,loose,,,,0.4,0.6,0.5,0.3,0.5,0.4,20.0,12.0,0.5,0.4
297,216.0,217,1.0,,2008-0138-001-29,,25,50,fabric,2,composite,fragment,,linen,linen,no,no,S,S,medium,loose,,,,0.4,0.6,0.5,0.3,0.5,0.4,20.0,12.0,0.5,0.4
298,216.0,217,1.0,,2008-0138-001-29,,35,35,fabric,3,composite,fragment,,linen,linen,no,no,S,S,medium,loose,,,,0.4,0.6,0.5,0.3,0.5,0.4,20.0,12.0,0.5,0.4
299,217.0,217,0.0,1.0,2008-138-003-01,,120,100,textile,0,mono,sample,tabby,linen,linen,no,no,S,S,medium,medium,,,,0.3,0.5,0.4,0.4,0.6,0.5,14.0,10.0,0.4,0.5
